<?xml version="1.0" encoding="UTF-8"?>
<addon id="skin.destiny" name="Destiny" version="2.0.0" provider-name="Jugger">
  <requires>
    <import addon="xbmc.gui" version="5.11.0"/>
  </requires>
  <extension
    point="xbmc.gui.skin"
    debugging="false"
    effectslowdown="0.75">
    <res width="1920" height="1080" aspect="16:9" default="true" folder="1080i" />
  </extension>
  <extension point="xbmc.addon.metadata">
  <summary lang="en">skin created and design by Jugger</summary> 
  <summary lang="de">Skin Destiny von Jugger</summary>
  <description lang="en">The skin is kept simple but Destiny Modern skin but has a lot to offer.</description>
  <description lang="de">Der Skin Destiny ist ein schlicht gehaltener aber Moderner Skin der aber auch einiges zu bieten hat.[CR]Support gibt es unter http://www.kodinerds.net</description>
  <disclaimer lang="en">no official skin use at your own risk.</disclaimer>
  <platform>all</platform> 
  </extension>
</addon>