<?xml version="1.0" encoding="UTF-8"?>
<window type="window" id="4101">
    <defaultcontrol always="true">19001</defaultcontrol>
    <controls>
	    <include>CommonHomeBack</include>
        <include>CommonAllFront</include>
		<include>SideBladeForViews</include>
		<include condition="!Skin.HasSetting(NoCommonHomeButton)">BigInfosTime</include>
		<include condition="!Skin.HasSetting(NoCommonHomeButton)">BigInfosDatabaseCount</include>
		<include condition="!Skin.HasSetting(homenoleftweather)">BigInfosWeather</include>
		<include condition="!Skin.HasSetting(NoCommonHomeButton)">CommonHomeButton</include>
		<include>HomePlaying</include>			
		
		<control type="list" id="19001">
		    <include>Animation.ZoomIn</include>
			<left>1362</left>
			<top>165</top>
			<width>501</width>
			<height>800</height>
			<onright>1860</onright>
			<onleft>19101</onleft>
			<onup>19001</onup>
			<ondown>19001</ondown>
			<scrolltime tween="Quadratic" easing="out">500</scrolltime>
			<focusposition>0</focusposition>
			<orientation>vertical</orientation>
			<movement>1</movement>
			<itemlayout height="81" width="250">
			<control type="group">
			<control type="image">
			  <left>0</left>
			  <top>0</top>
			  <width>501</width>
			  <height>1</height>
			  <texture background="true">default/separator.png</texture>
			</control>		
			<control type="image">
			  <left>15</left>
			  <top>20</top>
			  <width>30</width>
			  <height>30</height>
			  <texture background="true">$INFO[ListItem.Property(MenuIcon)]</texture>
			  <colordiffuse>$VAR[ColorFontUnfocus]</colordiffuse>
			</control>
			<control type="label">
			  <left>70</left>
			  <top>20</top>
			  <width>450</width>
			  <height>36</height>
			  <font>primal_20</font>
			  <label>$INFO[ListItem.Label]</label>
			  <textcolor>$VAR[ColorFontUnfocus]</textcolor>
			  <shadowcolor>$VAR[ColorFontShadow]</shadowcolor>
			  <align>left</align>
			  <aligny>center</aligny>	  
			</control>
		   </control>
		  </itemlayout>
		  <focusedlayout height="81" width="250">
			<control type="image">
			  <left>0</left>
			  <top>0</top>
			  <width>501</width>
			  <height>1</height>
			  <texture background="true">default/separator.png</texture>
			</control>
			<control type="image">
			  <left>0</left>
			  <top>1</top>
			  <width>501</width>
			  <height>80</height>
			  <texture background="true">skin/button_klein.png</texture>
			  <colordiffuse>$VAR[BackColorButton]</colordiffuse>
			</control>	
			<control type="image">
			  <left>15</left>
			  <top>20</top>
			  <width>30</width>
			  <height>30</height>
			  <texture background="true">$INFO[ListItem.Property(MenuIcon)]</texture>
			  <colordiffuse>$VAR[ColorFontSelected]</colordiffuse>
			</control>
			<control type="label">
			  <left>70</left>
			  <top>20</top>
			  <width>450</width>
			  <height>36</height>
			  <font>primal_20</font>
			  <label>$INFO[ListItem.Label]</label>
			  <textcolor>$VAR[ColorFontNormal]</textcolor>
			  <shadowcolor>$VAR[ColorFontShadow]</shadowcolor>
			  <align>left</align>
			  <aligny>center</aligny>	  
			</control>
		  </focusedlayout>
			<content>
			    <item id="90163">
				  <label>50236</label>
				  <onclick>XBMC.ActivateWindow(10025,special://skin/playlists/All Movies.xsp,return)</onclick>
				  <property name="MenuIcon">home/homeicons/folder.png</property>
				  <property name="MenuIcon_over">home/homeicons/folder.png</property>
				  <visible>!Skin.HasSetting(hidemovietitle)</visible>
				</item>
				<item id="90166">
				  <label>49987</label>
				  <onclick>ActivateWindow(VideoLibrary,RecentlyAddedMovies,return)</onclick>
				  <property name="MenuIcon">home/homeicons/new.png</property>
				  <property name="MenuIcon_over">home/homeicons/new.png</property>
				  <visible>!Skin.HasSetting(hidemovierecently)</visible>
				</item>
				<item id="90167">
				  <label>50005</label>
				  <onclick>XBMC.ActivateWindow(10025,special://skin/playlists/Last Played Movies.xsp,return)</onclick>
				  <property name="MenuIcon">home/homeicons/film.png</property>
				  <property name="MenuIcon_over">home/homeicons/film.png</property>
				  <visible>!Skin.HasSetting(hidemovierecently)</visible>
				</item>
				<item id="90171">
				  <label>$INFO[Skin.String(movieplaylistButton1_label)]</label>
				  <onclick>$INFO[Skin.String(movieplaylistButton1_Path)]</onclick>
				  <property name="MenuIcon">home/homeicons/folder.png</property>
				  <property name="MenuIcon_over">home/homeicons/folder.png</property>
				  <visible>Skin.HasSetting(movieplaylistButton1) + !String.IsEmpty(Skin.String(movieplaylistButton1_label))</visible>
				</item>
				<item id="90172">
				  <label>$INFO[Skin.String(movieplaylistButton2_label)]</label>
				  <onclick>$INFO[Skin.String(movieplaylistButton2_Path)]</onclick>
				  <property name="MenuIcon">home/homeicons/folder.png</property>
				  <property name="MenuIcon_over">home/homeicons/folder.png</property>
				  <visible>Skin.HasSetting(movieplaylistButton2) + !String.IsEmpty(Skin.String(movieplaylistButton2_label))</visible>
				</item>
				<item id="90173">
				  <label>$INFO[Skin.String(movieplaylistButton3_label)]</label>
				  <onclick>$INFO[Skin.String(movieplaylistButton3_Path)]</onclick>
				  <property name="MenuIcon">home/homeicons/folder.png</property>
				  <property name="MenuIcon_over">home/homeicons/folder.png</property>
				  <visible>Skin.HasSetting(movieplaylistButton3) + !String.IsEmpty(Skin.String(movieplaylistButton3_label))</visible>
				</item>
				<item id="90174">
				  <label>$INFO[Skin.String(movieplaylistButton4_label)]</label>
				  <onclick>$INFO[Skin.String(movieplaylistButton4_Path)]</onclick>
				  <property name="MenuIcon">home/homeicons/folder.png</property>
				  <property name="MenuIcon_over">home/homeicons/folder.png</property>
				  <visible>Skin.HasSetting(movieplaylistButton4) + !String.IsEmpty(Skin.String(movieplaylistButton4_label))</visible>
				</item>
				<item id="90185">
				  <label>49986</label>
				  <onclick>ActivateWindow(Videos,MovieSets,return)</onclick>
				  <property name="MenuIcon">home/homeicons/collections.png</property>
				  <property name="MenuIcon_over">home/homeicons/collections.png</property>
				  <visible>!Skin.HasSetting(HomeMenuNoMovieSetsButton)</visible>
				</item>
				<item id="901620">
				  <label>49988</label>
				  <onclick>ActivateWindow(Videos,MovieTitles,return)</onclick>
				  <onclick>SendClick(8)</onclick>
				  <property name="MenuIcon">home/homeicons/search.png</property>
				  <property name="MenuIcon_over">home/homeicons/search.png</property>
				</item>
				<item id="90162">
				  <label>1219</label>
				  <onclick>ActivateWindow(Videos,Files,return)</onclick>
				  <property name="MenuIcon">home/homeicons/folder.png</property>
				  <property name="MenuIcon_over">home/homeicons/folder.png</property>
				  <visible>!Skin.HasSetting(hidemovievideofiles)</visible>
				</item>
				<item id="90164">
				  <label>135</label>
				  <onclick>ActivateWindow(VideoLibrary,MovieGenres,return)</onclick>
				  <property name="MenuIcon">home/homeicons/genres.png</property>
				  <property name="MenuIcon_over">home/homeicons/genres.png</property>
				  <visible>!Skin.HasSetting(hidemoviegenre)</visible>
				</item>
				<item id="90165">
				  <label>652</label>
				  <onclick>ActivateWindow(VideoLibrary,MovieYears,return)</onclick>
				  <property name="MenuIcon">home/homeicons/years.png</property>
				  <property name="MenuIcon_over">home/homeicons/years.png</property>
				  <visible>!Skin.HasSetting(hidemovieyears)</visible>
				</item>
				<item id="90168">
				  <label>344</label>
				  <onclick>ActivateWindow(VideoLibrary,MovieActors,return)</onclick>
				  <property name="MenuIcon">home/homeicons/actors.png</property>
				  <property name="MenuIcon_over">home/homeicons/actors.png</property>
				  <visible>!Skin.HasSetting(hidemovieactor)</visible>
				</item>
				<item id="90169">
				  <label>20348</label>
				  <onclick>ActivateWindow(VideoLibrary,MovieDirectors,return)</onclick>
				  <property name="MenuIcon">home/homeicons/directors.png</property>
				  <property name="MenuIcon_over">home/homeicons/directors.png</property>
				  <visible>!Skin.HasSetting(hidemoviedirector)</visible>
				</item>
				<item id="90170">
				  <label>20388</label>
				  <onclick>ActivateWindow(VideoLibrary,MovieStudios,return)</onclick>
				  <property name="MenuIcon">home/homeicons/profiles.png</property>
				  <property name="MenuIcon_over">home/homeicons/profiles.png</property>
				  <visible>!Skin.HasSetting(hidemoviestudios)</visible>
				</item>
				<item id="90171">
				  <label>653</label>
				  <onclick>UpdateLibrary(Video)</onclick>
				  <property name="MenuIcon">home/homeicons/refresh.png</property>
				  <property name="MenuIcon_over">home/homeicons/refresh.png</property>
				  <visible>!Skin.HasSetting(hidemovieupdate)</visible>
				</item>
				<item id="90172">
				  <label>20108</label>
				  <onclick>ActivateWindow(Videos,Root)</onclick>
				  <property name="MenuIcon">home/homeicons/folder.png</property>
				  <property name="MenuIcon_over">home/homeicons/folder.png</property>
				</item>
			</content>
		</control>
		
		<control type="wraplist" id="19101">
		  <include>Animation.ZoomIn</include>
		  <left>186</left>
		  <top>165</top>
		  <width>1155</width>
	      <height>810</height>
		  <onright>19001</onright>
		  <onleft>9020</onleft>
		  <onup>19101</onup>
		  <ondown>19101</ondown>
		  <orientation>vertical</orientation>
		  <preloaditems>1</preloaditems>
		  <autoscroll time="15000">!Control.HasFocus(19101)</autoscroll>
		  <scrolltime tween="cubic">500</scrolltime>
		  <itemlayout width="1247" height="810">
			  <control type="image">
				<left>0</left>
				<top>0</top>
				<width>1155</width>
	            <height>810</height>
				<texture background="true" fallback="special://skin/backgrounds/VIDEODEFAULT.jpg">$INFO[ListItem.Art(fanart)]</texture>
				<aspectratio align="center" aligny="top">scale</aspectratio>
			  </control>
		  </itemlayout>
		  <focusedlayout width="1247" height="810">
			  <control type="image">
				<left>0</left>
				<top>0</top>
				<width>1155</width>
	            <height>810</height>
				<texture background="true" fallback="special://skin/backgrounds/VIDEODEFAULT.jpg">$INFO[ListItem.Art(fanart)]</texture>
				<aspectratio align="center" aligny="top">scale</aspectratio>
			  </control>
			  <control type="image">
				<left>0</left>
				<top>615</top>
				<width>1155</width>
				<height>200</height>
				<texture background="true">skin/button_klein_tranz70.png</texture>
				<aspectratio>stretch</aspectratio>
				<colordiffuse>$VAR[ColorButtonDialogeBack]</colordiffuse>
				<visible>!Control.HasFocus(19101)</visible>
			  </control>
			  <control type="image">
				<left>0</left>
				<top>615</top>
				<width>1155</width>
				<height>200</height>
				<texture background="true">skin/button_klein_tranz70.png</texture>
				<aspectratio>stretch</aspectratio>
				<colordiffuse>$VAR[BackColorButton]</colordiffuse>
				<visible>Control.HasFocus(19101)</visible>
			  </control>
				<control type="label">
				<description>Title label</description>
				<left>20</left>
				<top>630</top>
				<height>45</height>
				<width>1118</width>
				<label>$INFO[ListItem.Label]</label>
				<align>left</align>
				<aligny>center</aligny>
				<font>primal_20</font>
				<textcolor>$VAR[ColorFontNormal]</textcolor>
				<shadowcolor>$VAR[ColorFontShadow]</shadowcolor>
				<scroll>false</scroll>
			  </control>
			  <control type="textbox">
				<description>Movie Plot</description>
				<left>20</left>
				<top>680</top>
				<width>1118</width>
				<height>125</height>
				<font>primal_16</font>
				<align>justify</align>
				<shadowcolor>$VAR[ColorFontShadow]</shadowcolor>
				<label>[COLOR $VAR[ColorFontNormal]]$INFO[ListItem.Plot][/COLOR]</label>
				<autoscroll time="2000" delay="10000" repeat="5000">false</autoscroll>
			  </control>
		  </focusedlayout>
		      <content>special://skin/playlists/Movies Recent.xsp</content>  
		  </control>
        
    </controls>
    </window>
