﻿<?xml version="1.0" encoding="UTF-8"?>
<window id="146">
  <defaultcontrol always="true">9000</defaultcontrol>
  <coordinates>
    <system>1</system>
    <left>278</left>
    <top>60</top>
  </coordinates>
  <controls>
    <control type="image">
	  <left>-278</left>
	  <top>-60</top>
	  <width>1920</width>
	  <height>1080</height>
	  <texture background="true">background.png</texture>
	</control>
    <control type="group">
      <include>Animation.ZoomIn</include>
	  <include>Animation.ZoomOut</include>
      <visible>!Window.isVisible(AddonSettings) + !Window.IsActive(TextViewer)</visible>
	  <control type="image">
		<left>0</left>
		<top>10</top>
		<width>1345</width>
		<height>990</height>
		<texture background="true">skin/button_klein.png</texture>
		<bordertexture border="10">ThumbShadow.png</bordertexture>
		<bordersize>6</bordersize>
		<colordiffuse>$VAR[BackColorFront]</colordiffuse>
	  </control>
	  <control type="image">
		<left>12</left>
		<top>22</top>
		<width>1321</width>
		<height>966</height>
		<texture background="true">skin/button_klein.png</texture>
		<colordiffuse>$VAR[ColorButtonDialogeBack]</colordiffuse>
	  </control>
	  <control type="button">
		<description>Close Window button</description>
		<left>1298</left>
		<top>2</top>
		<width>48</width>
		<height>48</height>
		<label>-</label>
		<font>-</font>
		<onclick>PreviousMenu</onclick>
		<texturefocus>default/close.png</texturefocus>
		<texturenofocus>default/close.png</texturenofocus>
		<onleft>2</onleft>
		<onright>2</onright>
		<onup>2</onup>
		<ondown>2</ondown>
		<visible>!Skin.HasSetting(tablet_modus)</visible>
	  </control>
      <control type="label">
        <description>header label</description>
        <left>35</left>
        <top>40</top>
        <width>870</width>
        <height>45</height>
        <font>primal_20_Bold</font>
        <label>24003</label>
        <align>left</align>
        <aligny>center</aligny>
        <textcolor>$VAR[ColorFontNormal]</textcolor>
	    <shadowcolor>$VAR[ColorFontShadow]</shadowcolor>
      </control>
      <control type="image">
        <left>25</left>
        <top>100</top>
        <width>340</width>
        <height>340</height>
        <aspectratio>stretch</aspectratio>
        <texture background="true">$INFO[ListItem.Icon]</texture>
		<bordertexture border="10">ThumbShadow.png</bordertexture>
		<bordersize>6</bordersize>
      </control>
      <control type="label">
        <description>Addon Title value</description>
        <left>420</left>
        <top>120</top>
        <width>870</width>
        <height>45</height>
        <align>left</align>
        <aligny>center</aligny>
        <font>primal_26_Bold</font>
        <label>[B]$INFO[ListItem.AddonName][/B]</label>
        <textcolor>$VAR[ColorFontNormal]</textcolor>
	    <shadowcolor>$VAR[ColorFontShadow]</shadowcolor>
        <scroll>true</scroll>
      </control>
      <control type="group">
        <left>420</left>
        <top>195</top>
        <control type="label">
          <description>Type</description>
          <left>0</left>
          <top>0</top>
          <width>885</width>
          <height>38</height>
          <label>$INFO[ListItem.AddonType,$LOCALIZE[146] ]</label>
          <align>left</align>
          <aligny>center</aligny>
          <font>primal_20</font>
          <textcolor>$VAR[ColorFontNormal]</textcolor>
	    <shadowcolor>$VAR[ColorFontShadow]</shadowcolor>
        </control>
        <control type="label">
          <description>Author</description>
          <left>0</left>
          <top>45</top>
          <width>885</width>
          <height>38</height>
          <label>$INFO[ListItem.AddonCreator,$LOCALIZE[21863]: ]</label>
          <align>left</align>
          <aligny>center</aligny>
          <font>primal_20</font>
          <textcolor>$VAR[ColorFontNormal]</textcolor>
	      <shadowcolor>$VAR[ColorFontShadow]</shadowcolor>
        </control>
        <control type="label">
          <description>Version</description>
          <left>0</left>
          <top>90</top>
          <width>885</width>
          <height>38</height>
          <label>$INFO[ListItem.AddonVersion,$LOCALIZE[24051]  ]</label>
          <align>left</align>
          <aligny>center</aligny>
          <font>primal_20</font>
          <textcolor>$VAR[ColorFontNormal]</textcolor>
	      <shadowcolor>$VAR[ColorFontShadow]</shadowcolor>
        </control>
        <control type="label">
          <description>Rating label</description>
          <left>0</left>
          <top>135</top>
          <width>150</width>
          <height>38</height>
          <label>$LOCALIZE[563]:</label>
          <align>left</align>
          <aligny>center</aligny>
          <font>primal_20</font>
          <textcolor>$VAR[ColorFontNormal]</textcolor>
	      <shadowcolor>$VAR[ColorFontShadow]</shadowcolor>
        </control>
        <control type="image">
          <description>Rating value</description>
          <left>140</left>
          <top>140</top>
          <width>170</width>
          <height>30</height>
          <texture>$INFO[ListItem.Rating]</texture>
        </control>
        <control type="label">
          <description>Summary</description>
          <left>0</left>
          <top>180</top>
          <width>885</width>
          <height>38</height>
          <label>$INFO[ListItem.AddonSummary,$LOCALIZE[20037]:  ]</label>
          <align>left</align>
          <aligny>center</aligny>
          <font>primal_20</font>
          <textcolor>$VAR[ColorFontNormal]</textcolor>
	      <shadowcolor>$VAR[ColorFontShadow]</shadowcolor>
        </control>
        <control type="label">
          <description>Description txt</description>
          <left>0</left>
          <top>255</top>
          <width>450</width>
          <height>38</height>
          <label>$LOCALIZE[21821]</label>
          <align>left</align>
          <aligny>center</aligny>
          <font>primal_20</font>
          <textcolor>$VAR[ColorFontNormal]</textcolor>
	      <shadowcolor>$VAR[ColorFontShadow]</shadowcolor>
        </control>
        <control type="group">
          <visible>!IsEmpty(ListItem.AddonDisclaimer)</visible>
          <control type="label">
            <description>Description Page Count</description>
            <left>900</left>
            <top>255</top>
            <width>450</width>
            <height>38</height>
            <label>$INFO[Container(400).CurrentPage, $LOCALIZE[50215] (]$INFO[Container(400).NumPages,/,)]</label>
            <align>right</align>
            <aligny>center</aligny>
            <font>primal_20</font>
            <textcolor>$VAR[ColorFontNormal]</textcolor>
	        <shadowcolor>$VAR[ColorFontShadow]</shadowcolor>
          </control>
          <control type="textbox" id="400">
            <description>Description</description>
            <left>0</left>
            <top>297</top>
            <width>870</width>
            <height>240</height>
            <font>primal_18</font>
            <align>left</align>
            <textcolor>$VAR[ColorFontNormal]</textcolor>
	        <shadowcolor>$VAR[ColorFontShadow]</shadowcolor>
            <label>$INFO[ListItem.AddonDescription]</label>
            <pagecontrol>60</pagecontrol>
			<autoscroll time="2000" delay="15000" repeat="5000">!Skin.HasSetting(NoPlotScroll)</autoscroll>
          </control>
          <control type="scrollbar" id="60">
            <left>900</left>
            <top>270</top>
            <width>10</width>
            <height>390</height>
            <texturesliderbackground>button/ScrollBarV.png</texturesliderbackground>
			<texturesliderbar colordiffuse="$VAR[BackColorFront]">button/ScrollBarV_bar.png</texturesliderbar>
			<texturesliderbarfocus colordiffuse="$VAR[BackColorButton]">button/ScrollBarV_bar_focus.png</texturesliderbarfocus>
			<textureslidernib>button/ScrollBarNib.png</textureslidernib>
			<textureslidernibfocus>button/ScrollBarNib.png</textureslidernibfocus>
            <onleft>9000</onleft>
            <onright>61</onright>
            <showonepage>false</showonepage>
            <orientation>vertical</orientation>
          </control>
          <control type="label">
            <description>Disclaimer txt</description>
            <left>0</left>
            <top>555</top>
            <width>900</width>
            <height>38</height>
            <label>$LOCALIZE[24052]</label>
            <align>left</align>
            <aligny>center</aligny>
            <font>primal_20</font>
            <textcolor>$VAR[ColorFontNormal]</textcolor>
	        <shadowcolor>$VAR[ColorFontShadow]</shadowcolor>
          </control>
          <control type="textbox">
            <description>Disclaimer</description>
            <left>15</left>
            <top>592</top>
            <width>870</width>
            <height>150</height>
            <font>primal_18</font>
            <align>left</align>
            <textcolor>$VAR[ColorFontNormal]</textcolor>
	        <shadowcolor>$VAR[ColorFontShadow]</shadowcolor>
            <label>$INFO[ListItem.AddonDisclaimer]</label>
            <autoscroll time="2000" delay="15000" repeat="5000">!Skin.HasSetting(NoPlotScroll)</autoscroll>
          </control>
        </control>
        <control type="group">
          <visible>IsEmpty(ListItem.AddonDisclaimer)</visible>
          <control type="label">
            <description>Description Page Count</description>
            <left>900</left>
            <top>255</top>
            <width>450</width>
            <height>38</height>
            <label>$INFO[Container(401).CurrentPage, $LOCALIZE[50215] (]$INFO[Container(401).NumPages,/,)]</label>
            <align>right</align>
            <aligny>center</aligny>
            <font>primal_20</font>
            <textcolor>$VAR[ColorFontNormal]</textcolor>
	        <shadowcolor>$VAR[ColorFontShadow]</shadowcolor>
          </control>
          <control type="textbox" id="401">
            <description>Description</description>
            <left>15</left>
            <top>292</top>
            <width>870</width>
            <height>375</height>
            <font>primal_20</font>
            <align>left</align>
            <textcolor>$VAR[ColorFontNormal]</textcolor>
	        <shadowcolor>$VAR[ColorFontShadow]</shadowcolor>
            <label>$INFO[ListItem.AddonDescription]</label>
            <pagecontrol>61</pagecontrol>
			<autoscroll time="2000" delay="15000" repeat="5000">!Skin.HasSetting(NoPlotScroll)</autoscroll>
          </control>
          <control type="scrollbar" id="61">
            <left>900</left>
            <top>270</top>
            <width>10</width>
            <height>390</height>
            <texturesliderbackground>button/ScrollBarV.png</texturesliderbackground>
			<texturesliderbar colordiffuse="$VAR[BackColorFront]">button/ScrollBarV_bar.png</texturesliderbar>
			<texturesliderbarfocus colordiffuse="$VAR[BackColorButton]">button/ScrollBarV_bar_focus.png</texturesliderbarfocus>
			<textureslidernib>button/ScrollBarNib.png</textureslidernib>
			<textureslidernibfocus>button/ScrollBarNib.png</textureslidernibfocus>
            <onleft>60</onleft>
            <onright>9000</onright>
            <showonepage>false</showonepage>
            <orientation>vertical</orientation>
          </control>
        </control>
      </control>
      <control type="grouplist" id="9000">
        <left>30</left>
        <top>465</top>
		<width>330</width>
		<onleft>60</onleft>
		<onright>60</onright>
		<onup>9000</onup>
		<ondown>9000</ondown>
		<itemgap>2</itemgap>       
        <control type="button" id="9">
          <description>Addon Settings</description>
          <width>330</width>
          <height>60</height>
          <textoffsetx>25</textoffsetx>
          <label>24020</label>
        </control>
        <control type="button" id="8">
          <description>Update Addon button</description>
          <width>330</width>
          <height>60</height>
          <textoffsetx>25</textoffsetx>
          <label>24069</label>
        </control>
		<control type="radiobutton" id="13">
		  <description>Auto-update button</description>
          <width>330</width>
          <height>60</height>
          <textoffsetx>25</textoffsetx>
		  <label>21340</label>
	    </control>
		<control type="button" id="12">
          <description>Launch Addon button</description>
          <width>330</width>
          <height>60</height>
          <textoffsetx>25</textoffsetx>
          <label>518</label>
        </control>
		<control type="button" id="6">
          <description>Enable Addon button</description>
          <width>330</width>
          <height>60</height>
          <textoffsetx>25</textoffsetx>
          <label>24022</label>
        </control>
        <control type="button" id="7">
          <description>Disable Addon button</description>
          <width>330</width>
          <height>60</height>
          <textoffsetx>25</textoffsetx>
          <label>24021</label>
        </control>
        <control type="button" id="10">
          <description>Changelog button</description>
          <width>330</width>
          <height>60</height>
          <textoffsetx>25</textoffsetx>
          <label>24036</label>
        </control>
		
      </control>
      <control type="group">
        <visible>!IsEmpty(ListItem.AddonBroken)</visible>
        <left>0</left>
        <top>850</top>
        <control type="image">
          <description>Icon image</description>
          <left>27</left>
          <top>27</top>
          <width>96</width>
          <height>96</height>
          <texture>DefaultIconError.png</texture>
        </control>
        <control type="label">
          <description>header label</description>
          <left>190</left>
          <top>22</top>
          <width>1200</width>
          <height>38</height>
          <font>primal_20</font>
          <label>24096</label>
          <align>left</align>
          <aligny>center</aligny>
          <textcolor>$VAR[ColorFontNormal]</textcolor>
	      <shadowcolor>$VAR[ColorFontShadow]</shadowcolor>
        </control>
        <control type="textbox">
          <description>Reason label</description>
          <left>190</left>
          <top>52</top>
          <width>1200</width>
          <height>75</height>
          <font>primal_20</font>
          <label>$INFO[ListItem.AddonBroken]</label>
          <align>left</align>
          <textcolor>$VAR[ColorFontNormal]</textcolor>
	      <shadowcolor>$VAR[ColorFontShadow]</shadowcolor>
        </control>
      </control>
    </control>
  </controls>
</window>