﻿<?xml version="1.0" encoding="UTF-8"?>
<window id="145">
  <defaultcontrol>11</defaultcontrol>
  <animation effect="slide" start="0,120" end="0,0" time="100">WindowOpen</animation>
  <animation effect="slide" start="0,0" end="0,120" time="100">WindowClose</animation>
  <coordinates>
    <system>1</system>
    <left>608</left>
    <top>245</top>
    <!-- 650 -->
  </coordinates>
  <controls>
    <control type="image">
      <left>0</left>
      <top>0</top>
      <width>690</width>
      <height>120</height>
      <texture background="true">skin/button_klein.png</texture>
	  <colordiffuse>$VAR[BackColorFront]</colordiffuse>
	  <bordertexture border="10">ThumbShadow.png</bordertexture>
	  <bordersize>6</bordersize>
    </control>
	<control type="image">
      <left>5</left>
      <top>5</top>
      <width>680</width>
      <height>110</height>
      <texture background="true">skin/button_klein.png</texture>
	  <colordiffuse>$VAR[ColorButtonDialogeBack]</colordiffuse>
	  <bordertexture border="10">-</bordertexture>
	  <bordersize>6</bordersize>
    </control>
    <control type="label" id="10">
      <description>Dialog header</description>
      <left>20</left>
      <top>20</top>
      <width>345</width>
      <height>30</height>
      <align>left</align>
      <aligny>center</aligny>
      <font>primal_18</font>
      <textcolor>$VAR[ColorFontNormal]</textcolor>
	  <shadowcolor>$VAR[ColorFontShadow]</shadowcolor>
    </control>
    <control type="label" id="12">
      <description>Slider Value</description>
      <left>340</left>
      <top>20</top>
      <width>330</width>
      <height>30</height>
      <align>right</align>
      <aligny>center</aligny>
      <font>primal_18</font>
      <textcolor>$VAR[ColorFontNormal]</textcolor>
	  <shadowcolor>$VAR[ColorFontShadow]</shadowcolor>
    </control>
    <control type="slider" id="11">
      <description>Slider</description>
      <left>20</left>
      <top>70</top>
      <width>250</width>
      <height>30</height>
      <aligny>center</aligny>
      <texturefocus>-</texturefocus>
      <texturenofocus>-</texturenofocus>
      <texturesliderbar>button/slider_bg.png</texturesliderbar>
      <textureslidernib>button/SliderNibNF.png</textureslidernib>
      <textureslidernibfocus>button/SliderNibFO.png</textureslidernibfocus>
      <onup>11</onup>
      <ondown>11</ondown>
      <onleft>11</onleft>
      <onright>11</onright>
    </control>
  </controls>
</window>