﻿<?xml version="1.0" encoding="UTF-8"?>
<window id="604">
  <defaultcontrol always="true">29</defaultcontrol>
  <controls>
    <control type="image">
	  <left>0</left>
	  <top>0</top>
	  <width>1920</width>
	  <height>1080</height>
	  <texture background="true">background.png</texture>
	</control>
    <control type="group">
	  <left>-100</left>
	  <top>-50</top>
      <visible>!Window.IsVisible(FileBrowser)</visible>
      <animation effect="slide" start="1725,0" end="0,0" time="400" tween="quadratic" easing="out">WindowOpen</animation>
      <animation effect="slide" start="0,0" end="1725,0" time="400" tween="quadratic" easing="out">WindowClose</animation>
      <control type="image">
		<description>background image</description>
		<left>200</left>
		<top>130</top>
		<width>1720</width>
		<height>950</height>
		<texture background="true">skin/button_klein.png</texture>
		<bordertexture border="10">ThumbShadow.png</bordertexture>
		<bordersize>7</bordersize>
		<colordiffuse>$VAR[ColorButtonDialogeBack]</colordiffuse>
	  </control>
      <control type="button">
        <description>Close Window button</description>
        <left>1877</left>
		<top>122</top>
		<width>48</width>
		<height>48</height>
        <label>-</label>
        <font>-</font>
        <onclick>PreviousMenu</onclick>
		<texturefocus>default/close.png</texturefocus>
		<texturenofocus>default/close.png</texturenofocus>
        <onleft>9000</onleft>
        <onright>9000</onright>
        <onup>9000</onup>
        <ondown>9000</ondown>
        <visible>!Skin.HasSetting(tablet_modus)</visible>
      </control>
      <control type="group">
        <animation effect="fade" delay="400" start="0" end="100" time="200">WindowOpen</animation>
        <animation effect="fade" start="100" end="0" time="200">WindowClose</animation>
        <control type="label">
          <description>header label</description>
          <left>-330</left>
          <top>175</top>
          <width>1620</width>
          <height>45</height>
          <font>primal_30</font>
          <label>19143</label>
          <align>center</align>
          <aligny>center</aligny>
          <textcolor>$VAR[ColorFontNormal]</textcolor>
	      <shadowcolor>$VAR[ColorFontShadow]</shadowcolor>
        </control>
        <control type="group">
          <description>Group list</description>
          <left>240</left>
          <top>135</top>
          <control type="label">
            <description>name label</description>
            <left>0</left>
            <top>0</top>
            <width>510</width>
            <height>105</height>
            <font>primal_25</font>
            <label>31506</label>
            <align>center</align>
            <aligny>center</aligny>
            <textcolor>$VAR[ColorFontSelected]</textcolor>
	      <shadowcolor>$VAR[ColorFontShadow]</shadowcolor>
          </control>
          <control type="list" id="13">
            <left>8</left>
            <top>128</top>
            <width>495</width>
            <height>650</height>
            <onup>13</onup>
            <ondown>13</ondown>
            <onleft>29</onleft>
            <onright>73</onright>
            <pagecontrol>73</pagecontrol>
            <scrolltime>200</scrolltime>
            <itemlayout height="65">
              <control type="image">
                <left>0</left>
                <top>0</top>
                <width>495</width>
                <height>60</height>
                <texture background="true">skin/button_klein.png</texture>
	            <colordiffuse>$VAR[BackColorFront]</colordiffuse>
              </control>
              <control type="label">
                <left>15</left>
                <top>0</top>
                <width>465</width>
                <height>60</height>
                <font>primal_25</font>
                <align>left</align>
                <aligny>center</aligny>
                <textcolor>$VAR[ColorFontNormal]</textcolor>
	            <shadowcolor>$VAR[ColorFontShadow]</shadowcolor>
                <selectedcolor>$VAR[ColorFontSelected]</selectedcolor>
                <info>ListItem.Label</info>
              </control>
            </itemlayout>
            <focusedlayout height="65">
              <control type="image">
                <left>0</left>
                <top>0</top>
                <width>495</width>
                <height>60</height>
                <visible>!Control.HasFocus(13)</visible>
                <texture background="true">skin/button_klein.png</texture>
	            <colordiffuse>$VAR[BackColorFront]</colordiffuse>
              </control>
              <control type="image">
                <left>0</left>
                <top>0</top>
                <width>495</width>
                <height>60</height>
                <visible>Control.HasFocus(13)</visible>
                <texture background="true">skin/button_klein.png</texture>
	            <colordiffuse>$VAR[BackColorButton]</colordiffuse>
              </control>
              <control type="label">
                <left>15</left>
                <top>0</top>
                <width>465</width>
                <height>60</height>
                <font>primal_25</font>
                <align>left</align>
                <aligny>center</aligny>
                <textcolor>$VAR[ColorFontNormal]</textcolor>
	            <shadowcolor>$VAR[ColorFontShadow]</shadowcolor>
                <selectedcolor>$VAR[ColorFontSelected]</selectedcolor>
                <info>ListItem.Label</info>
              </control>
            </focusedlayout>
          </control>
          <control type="scrollbar" id="73">
            <left>510</left>
            <top>128</top>
            <width>15</width>
            <height>650</height>
            <texturesliderbackground>button/ScrollBarV.png</texturesliderbackground>
			<texturesliderbar colordiffuse="$VAR[BackColorFront]">button/ScrollBarV_bar.png</texturesliderbar>
			<texturesliderbarfocus colordiffuse="$VAR[BackColorButton]">button/ScrollBarV_bar_focus.png</texturesliderbarfocus>
			<textureslidernib>button/ScrollBarNib.png</textureslidernib>
			<textureslidernibfocus>button/ScrollBarNib.png</textureslidernibfocus>
            <onleft>13</onleft>
            <onright>11</onright>
            <ondown>73</ondown>
            <onup>73</onup>
            <showonepage>false</showonepage>
            <orientation>vertical</orientation>
          </control>
        </control>
        <control type="group">
          <description>Channels list</description>
          <left>788</left>
          <top>135</top>
          <control type="label">
            <description>name label</description>
            <left>0</left>
            <top>0</top>
            <width>510</width>
            <height>105</height>
            <font>primal_25</font>
            <label>31507</label>
            <align>center</align>
            <aligny>center</aligny>
            <textcolor>$VAR[ColorFontSelected]</textcolor>
			<shadowcolor>$VAR[ColorFontShadow]</shadowcolor>
          </control>
          <control type="list" id="11">
            <left>8</left>
            <top>128</top>
            <width>495</width>
            <height>650</height>
            <onup>11</onup>
            <ondown>11</ondown>
            <onleft>73</onleft>
            <onright>71</onright>
            <pagecontrol>71</pagecontrol>
            <scrolltime>200</scrolltime>
            <itemlayout height="65">
              <control type="image">
                <left>0</left>
                <top>0</top>
                <width>495</width>
                <height>60</height>
                <texture background="true">skin/button_klein.png</texture>
	            <colordiffuse>$VAR[BackColorFront]</colordiffuse>
              </control>
              <control type="image">
                <width>48</width>
                <height>48</height>
                <left>8</left>
                <top>6</top>
                <texture>$INFO[ListItem.Icon]</texture>
              </control>
              <control type="label">
                <left>60</left>
                <top>0</top>
                <width>420</width>
                <height>60</height>
                <font>primal_25</font>
                <align>left</align>
                <aligny>center</aligny>
                <textcolor>$VAR[ColorFontNormal]</textcolor>
	            <shadowcolor>$VAR[ColorFontShadow]</shadowcolor>
                <selectedcolor>$VAR[ColorFontSelected]</selectedcolor>
                <label>$INFO[ListItem.ChannelNumberLabel,(,) - ]$INFO[ListItem.ChannelName]</label>
              </control>
            </itemlayout>
            <focusedlayout height="65">
              <control type="image">
                <left>0</left>
                <top>0</top>
                <width>495</width>
                <height>60</height>
                <visible>!Control.HasFocus(11)</visible>
                <texture background="true">skin/button_klein.png</texture>
	            <colordiffuse>$VAR[BackColorFront]</colordiffuse>
              </control>
              <control type="image">
                <left>0</left>
                <top>0</top>
                <width>495</width>
                <height>60</height>
                <visible>Control.HasFocus(11)</visible>
                <texture background="true">skin/button_klein.png</texture>
	            <colordiffuse>$VAR[BackColorButton]</colordiffuse>
              </control>
              <control type="image">
                <width>48</width>
                <height>48</height>
                <left>8</left>
                <top>6</top>
                <texture>$INFO[ListItem.Icon]</texture>
              </control>
              <control type="label">
                <left>60</left>
                <top>0</top>
                <width>420</width>
                <height>60</height>
                <font>primal_25</font>
                <align>left</align>
                <aligny>center</aligny>
                <textcolor>$VAR[ColorFontNormal]</textcolor>
	            <shadowcolor>$VAR[ColorFontShadow]</shadowcolor>
                <selectedcolor>$VAR[ColorFontSelected]</selectedcolor>
                <label>$INFO[ListItem.ChannelNumberLabel,(,) - ]$INFO[ListItem.ChannelName]</label>
              </control>
            </focusedlayout>
          </control>
          <control type="scrollbar" id="71">
            <left>510</left>
            <top>128</top>
            <width>15</width>
            <height>648</height>
            <texturesliderbackground border="0,14,0,14">ScrollBarV.png</texturesliderbackground>
            <texturesliderbar border="0,14,0,14">ScrollBarV_bar.png</texturesliderbar>
            <texturesliderbarfocus border="0,14,0,14">ScrollBarV_bar_focus.png</texturesliderbarfocus>
            <textureslidernib>ScrollBarNib.png</textureslidernib>
            <textureslidernibfocus>ScrollBarNib.png</textureslidernibfocus>
            <onleft>11</onleft>
            <onright>12</onright>
            <ondown>71</ondown>
            <onup>71</onup>
            <showonepage>false</showonepage>
            <orientation>vertical</orientation>
          </control>
        </control>
        <control type="group">
          <description>Grouped Channels list</description>
          <left>1335</left>
          <top>135</top>
          <control type="label">
            <description>name label</description>
            <left>0</left>
            <top>10</top>
            <width>510</width>
            <height>105</height>
            <font>primal_25</font>
            <label>$LOCALIZE[49969][CR]$INFO[Control.GetLabel(20)]</label>
            <align>center</align>
            <aligny>center</aligny>
            <textcolor>$VAR[ColorFontSelected]</textcolor>
	        <shadowcolor>$VAR[ColorFontShadow]</shadowcolor>
          </control>
          <control type="list" id="12">
            <left>8</left>
            <top>128</top>
            <width>495</width>
            <height>650</height>
            <onup>12</onup>
            <ondown>12</ondown>
            <onleft>71</onleft>
            <onright>72</onright>
            <pagecontrol>72</pagecontrol>
            <scrolltime>200</scrolltime>
            <itemlayout height="65">
              <control type="image">
                <left>0</left>
                <top>0</top>
                <width>495</width>
                <height>60</height>
                <texture background="true">skin/button_klein.png</texture>
	            <colordiffuse>$VAR[BackColorFront]</colordiffuse>
              </control>
              <control type="image">
                <width>48</width>
                <height>48</height>
                <left>8</left>
                <top>6</top>
                <texture>$INFO[ListItem.Icon]</texture>
              </control>
              <control type="label">
                <left>60</left>
                <top>0</top>
                <width>420</width>
                <height>60</height>
                <font>primal_25</font>
                <align>left</align>
                <aligny>center</aligny>
                <textcolor>$VAR[ColorFontNormal]</textcolor>
	            <shadowcolor>$VAR[ColorFontShadow]</shadowcolor>
                <selectedcolor>$VAR[ColorFontSelected]</selectedcolor>
                <label>$INFO[ListItem.ChannelNumberLabel,(,) - ]$INFO[ListItem.ChannelName]</label>
              </control>
            </itemlayout>
            <focusedlayout height="65">
              <control type="image">
                <left>0</left>
                <top>0</top>
                <width>495</width>
                <height>60</height>
                <visible>!Control.HasFocus(12)</visible>
                <texture background="true">skin/button_klein.png</texture>
	            <colordiffuse>$VAR[BackColorFront]</colordiffuse>
              </control>
              <control type="image">
                <left>0</left>
                <top>0</top>
                <width>495</width>
                <height>60</height>
                <visible>Control.HasFocus(12)</visible>
                <texture background="true">skin/button_klein.png</texture>
	            <colordiffuse>$VAR[BackColorButton]</colordiffuse>
              </control>
              <control type="image">
                <width>48</width>
                <height>48</height>
                <left>8</left>
                <top>6</top>
                <texture>$INFO[ListItem.Icon]</texture>
              </control>
              <control type="label">
                <left>60</left>
                <top>0</top>
                <width>420</width>
                <height>60</height>
                <font>primal_25</font>
                <align>left</align>
                <aligny>center</aligny>
                <textcolor>$VAR[ColorFontNormal]</textcolor>
	            <shadowcolor>$VAR[ColorFontShadow]</shadowcolor>
                <selectedcolor>$VAR[ColorFontSelected]</selectedcolor>
                <label>$INFO[ListItem.ChannelNumberLabel,(,) - ]$INFO[ListItem.ChannelName]</label>
              </control>
            </focusedlayout>
          </control>
          <control type="scrollbar" id="72">
            <left>510</left>
            <top>128</top>
            <width>15</width>
            <height>648</height>
            <texturesliderbackground>button/ScrollBarV.png</texturesliderbackground>
			<texturesliderbar colordiffuse="$VAR[BackColorFront]">button/ScrollBarV_bar.png</texturesliderbar>
			<texturesliderbarfocus colordiffuse="$VAR[BackColorButton]">button/ScrollBarV_bar_focus.png</texturesliderbarfocus>
			<textureslidernib>button/ScrollBarNib.png</textureslidernib>
			<textureslidernibfocus>button/ScrollBarNib.png</textureslidernibfocus>
            <onleft>12</onleft>
            <onright>26</onright>
            <ondown>72</ondown>
            <onup>72</onup>
            <showonepage>false</showonepage>
            <orientation>vertical</orientation>
          </control>
        </control>
        <control type="grouplist" id="9000">
          <left>240</left>
          <top>990</top>
          <width>1620</width>
          <height>60</height>
          <itemgap>3</itemgap>
          <align>center</align>
          <orientation>horizontal</orientation>
          <onleft>72</onleft>
          <onright>13</onright>
          <onup>9000</onup>
          <ondown>9000</ondown>
		  <control type="radiobutton" id="25">
			<description>Hide Group</description>
			<width>315</width>
            <height>60</height>
			<align>left</align>
			<label>19289</label>
		  </control>
          <control type="button" id="26">
            <description>Add Group</description>
            <width>315</width>
            <height>60</height>
			<align>center</align>
            <label>49968</label>
          </control>
          <control type="button" id="27">
            <description>Rename Group</description>
            <width>315</width>
            <height>60</height>
			<align>center</align>
            <label>49967</label>
          </control>
          <control type="button" id="28">
            <description>Delete Group</description>
            <width>315</width>
            <height>60</height>
			<align>center</align>
            <label>49966</label>
          </control>
          <control type="button" id="29">
            <description>OK</description>
            <width>315</width>
            <height>60</height>
			<align>center</align>
            <label>186</label>
          </control>
        </control>
      </control>
    </control>
    <control type="label" id="20">
      <description>Fake Label used to pass on name label</description>
      <visible>false</visible>
    </control>
  </controls>
</window>