<?xml version="1.0" encoding="UTF-8"?>
<window>
    <animation effect="fade" start="0" end="100" time="150">WindowOpen</animation>
    <animation effect="fade" start="100" end="0" time="150">WindowClose</animation>
    <coordinates>
        <left>10</left>
        <top>960</top>
    </coordinates>
    <controls>
        <control type="group">
            <depth>DepthMax</depth>
            <animation effect="slide" start="0,0" end="-285,0" time="150" condition="Window.IsVisible(BusyDialog)">conditional</animation>
            <control type="image">
                <left>0</left>
                <top>0</top>
                <width>600</width>
                <height>105</height>
                <texture background="true">skin/button_klein.png</texture>
				<bordertexture border="10">ThumbShadow.png</bordertexture>
				<bordersize>6</bordersize>
				<colordiffuse>$VAR[ColorButtonDialogeBack]</colordiffuse>
            </control>
            <control type="image" id="400">
                <description>avatar</description>
                <left>20</left>
                <top>15</top>
                <width>75</width>
                <height>75</height>
                <aspectratio>keep</aspectratio>
            </control>
            <control type="fadelabel" id="401">
                <description>Line 1 Label</description>
                <left>112</left>
                <top>22</top>
                <width>465</width>
                <height>27</height>
                <font>primal_18</font>
                <textcolor>$VAR[ColorFontNormal]</textcolor>
	            <shadowcolor>$VAR[ColorFontShadow]</shadowcolor>
                <align>left</align>
                <aligny>center</aligny>
                <scrollout>false</scrollout>
                <pauseatend>2000</pauseatend>
            </control>
            <control type="fadelabel" id="402">
                <description>Line 2 Label</description>
                <left>112</left>
                <top>52</top>
                <width>465</width>
                <height>30</height>
                <font>primal_15</font>
                <textcolor>$VAR[ColorFontNormal]</textcolor>
	            <shadowcolor>$VAR[ColorFontShadow]</shadowcolor>
                <align>left</align>
                <aligny>center</aligny>
                <scrollout>false</scrollout>
                <pauseatend>2000</pauseatend>
            </control>
        </control>
    </controls>
</window>
