<?xml version="1.0" encoding="UTF-8"?>
<window>
	<defaultcontrol always="true">50</defaultcontrol>
	<allowoverlay>no</allowoverlay>
	<include>ViewsidPVR</include>
	<controls>
		<!-- ================================================================================= -->
		<!-- ==================================== TV, RADIO LISTE ============================ -->
		<!-- ================================================================================= -->
		<include>CommonHomeBack</include>
		<include>CommonAllFront</include>
		<include>CommonAllFront2</include>
		<include>SideBladeForViews</include>				
		<include>ViewsPVR</include>
        <include>BigInfosTime</include>
		<include>BigInfosDatabaseCount</include>
		<include>BigInfosWeather</include>
		<include>CommonHomeButton</include>
		<include>HomePlaying</include>
		<include>PVRSideBlade</include>
		<include>PVRSideBladeFront</include>
	</controls>
</window>
