﻿<?xml version="1.0" encoding="UTF-8"?>
<window id="125">
  <defaultcontrol always="true">2</defaultcontrol>
  <coordinates>
    <system>1</system>
    <left>360</left>
    <top>172</top>
  </coordinates>
  <include>dialogeffect</include>
  <controls>
	<control type="image">
	  <left>45</left>
	  <top>0</top>
	  <width>1100</width>
	  <height>750</height>
	  <texture background="true">skin/button_klein.png</texture>	
	  <bordertexture border="10">ThumbShadow.png</bordertexture>
	  <bordersize>6</bordersize>	
	  <colordiffuse>$VAR[BackColorFront]</colordiffuse>
	</control>
	<control type="image">
	  <left>50</left>
	  <top>5</top>
	  <width>1090</width>
	  <height>740</height>
	  <texture background="true">skin/button_klein.png</texture>	
	  <bordertexture border="10">-</bordertexture>
	  <bordersize>6</bordersize>	
	  <colordiffuse>$VAR[ColorButtonDialogeBack]</colordiffuse>
	</control>
	<control type="button">
	  <description>Close Window button</description>
	  <left>1115</left>
	  <top>-15</top>
	  <width>48</width>
	  <height>48</height>
	  <label>-</label>
	  <font>-</font>
	  <onclick>PreviousMenu</onclick>
	  <texturefocus>default/close.png</texturefocus>
	  <texturenofocus>default/close.png</texturenofocus>
	  <onleft>2</onleft>
	  <onright>2</onright>
	  <onup>2</onup>
	  <ondown>2</ondown>
	  <visible>!Skin.HasSetting(tablet_modus)</visible>
	</control>
    <control type="label">
      <description>header label</description>
      <left>20</left>
      <top>37</top>
      <width>1140</width>
      <height>45</height>
      <font>font13_title</font>
      <label>[UPPERCASE]$LOCALIZE[298][/UPPERCASE] - ($INFO[Container(11).NumItems]) $LOCALIZE[50165] - $LOCALIZE[50166] ($INFO[Container(11).CurrentPage]/$INFO[Container(11).NumPages])</label>
      <align>center</align>
      <aligny>center</aligny>
      <textcolor>$VAR[ColorFontSelected]</textcolor>
	  <shadowcolor>$VAR[ColorFontShadow]</shadowcolor>
    </control>
    <control type="panel" id="11">
      <left>60</left>
      <top>98</top>
      <width>1080</width>
      <height>525</height>
      <onleft>2</onleft>
      <onright>3</onright>
      <ondown>2</ondown>
      <onup>2</onup>
      <scrolltime>200</scrolltime>
      <viewtype label="536">icon</viewtype>
      <pagecontrol>-</pagecontrol>
      <orientation>horizontal</orientation>
      <itemlayout height="262" width="360">
	    <control type="image">
          <left>0</left>
          <top>0</top>
          <width>350</width>
          <height>265</height>
          <texture background="true">skin/button_klein.png</texture>
		  <bordertexture border="10">ThumbShadow2.png</bordertexture>
		  <bordersize>7</bordersize>
		  <colordiffuse>$VAR[ColorButtonDialogeBack]</colordiffuse>
        </control>
        <control type="image">
          <left>10</left>
          <top>10</top>
          <width>330</width>
          <height>210</height>
          <info>ListItem.Icon</info>
        </control>
        <control type="label">
          <left>15</left>
          <top>227</top>
          <width>338</width>
          <height>22</height>
          <font>primal_18</font>
          <selectedcolor>$VAR[ColorFontSelected]</selectedcolor>
          <align>left</align>
          <aligny>center</aligny>
          <label>$INFO[ListItem.Label]$INFO[ListItem.Label2, (,)]</label>
        </control>
      </itemlayout>
      <focusedlayout height="262" width="360">
        <control type="image">
          <left>0</left>
          <top>0</top>
          <width>350</width>
          <height>265</height>
          <texture background="true">skin/button_klein.png</texture>
		  <bordertexture border="10">ThumbShadow2.png</bordertexture>
		  <bordersize>7</bordersize>
		  <colordiffuse>$VAR[BackColorButton]</colordiffuse>
        </control>
        <control type="image">
          <left>10</left>
          <top>10</top>
          <width>330</width>
          <height>210</height>
          <info>ListItem.Icon</info>
        </control>
        <control type="label">
          <left>15</left>
          <top>227</top>
          <width>338</width>
          <height>22</height>
          <font>primal_18</font>
          <selectedcolor>$VAR[ColorFontSelected]</selectedcolor>
          <align>left</align>
          <aligny>center</aligny>
          <label>$INFO[ListItem.Label]$INFO[ListItem.Label2, (,)]</label>
        </control>
      </focusedlayout>
    </control>
    <control type="grouplist" id="9000">
      <left>30</left>
      <top>670</top>
      <width>1140</width>
      <height>80</height>
      <itemgap>2</itemgap>
      <align>center</align>
      <orientation>horizontal</orientation>
      <onleft>9000</onleft>
      <onright>9000</onright>
      <onup>11</onup>
      <ondown>11</ondown>
      <control type="button" id="2">
        <description>Create Bookmark button</description>
        <label>294</label>
		<align>center</align>
        <width>375</width>
		<height>50</height>
      </control>
      <control type="button" id="3">
        <description>Clear Bookmark button</description>
        <label>296</label>
		<align>center</align>
        <width>375</width>
		<height>50</height>
      </control>
      <control type="button" id="4">
        <description>Clear Bookmark button</description>
        <label>20406</label>
		<align>center</align>
        <width>375</width>
		<height>50</height>
        <visible>videoplayer.content(episodes)</visible>
      </control>
    </control>
  </controls>
</window>