<?xml version="1.0" encoding="UTF-8"?>
<includes>
	  <!-- ===================================================================================== -->
	  <!-- ============================ POSTER MOVIES VIEW ID 601 ============================== -->
	  <!-- ===================================================================================== -->
	  <include name="View_601_Poster_Movies">
		<control type="group">
		<control type="list" id="601">
		  <include>Animation.ZoomIn</include>
		  <animation effect="zoom" end="83" center="2100,100" time="300" tween="cubic" easing="inout" condition="ControlGroup(9020).HasFocus | ControlGroup(9021).HasFocus | ControlGroup(9030).HasFocus">Conditional</animation>
		  <left>176</left>
		  <top>686</top>
		  <width>1692</width>
		  <height>800</height>
		  <onright>601</onright>
		  <onleft>601</onleft>
		  <onup>62593</onup>
		  <ondown>1601</ondown>
		  <pagecontrol>1601</pagecontrol>
		  <viewtype label="Poster/Big Fanart">list</viewtype>
		  <scrolltime tween="Quadratic" easing="out">500</scrolltime>
		  <focusposition>0</focusposition>
		  <orientation>horizontal</orientation>
		  <movement>1</movement>
		  <itemlayout height="291" width="212">	
		  <control type="image">
			<left>-7</left>
			<top>-7</top>
			<width>216</width>
			<height>311</height>
			<texture background="true">skin/button_klein.png</texture>
			<bordertexture border="10">ThumbShadow.png</bordertexture>
		    <bordersize>6</bordersize>
			<colordiffuse>$VAR[ColorButtonDialogeBack]</colordiffuse>
		  </control>
		  <control type="image">
			<left>-1</left>
			<top>0</top>
			<width>204</width>
			<height>298</height>
			<texture background="true">$VAR[PosterThumb]</texture>
			<bordertexture border="10">ThumbShadow.png</bordertexture>
		    <bordersize>6</bordersize>
			<aspectratio align="center" aligny="top">stretch</aspectratio>
			<visible>!Stringcompare(ListItem.label,..)</visible>
		  </control>	
		  <control type="image">
			<left>65</left>
			<top>60</top>
			<width>70</width>
			<height>70</height>
			<texture background="true">home/homeicons/back.png</texture>
			<aspectratio align="left" aligny="top">keep</aspectratio>
			<visible>Stringcompare(ListItem.label,..)</visible>
		  </control>
		  <control type="image">
			<left>-1</left>
			<top>-1</top>
			<width>40</width>
			<height>44</height>
			<aspectratio>keep</aspectratio>
			<texture>Overlayicons/$INFO[ListItem.Overlay]</texture>
			<colordiffuse>$VAR[BackColorButton]</colordiffuse>
		  </control>
		</itemlayout>
		<focusedlayout height="291" width="212">
		  <control type="group">
		  <animation type="Focus">
			  <effect type="zoom" time="150" start="95" end="100" center="245,260" />
		  </animation>
		  <control type="image">
			<left>-7</left>
			<top>-7</top>
			<width>216</width>
			<height>311</height>
			<texture background="true">skin/button_klein.png</texture>
			<bordertexture border="10">ThumbShadow.png</bordertexture>
		    <bordersize>6</bordersize>
			<colordiffuse>$VAR[BackColorButton]</colordiffuse>
		  </control>
		  <control type="image">
			<left>-1</left>
			<top>0</top>
			<width>204</width>
			<height>298</height>
			<texture background="true">$VAR[PosterThumb]</texture>
			<bordertexture border="10">ThumbShadow.png</bordertexture>
		    <bordersize>6</bordersize>
			<aspectratio align="center" aligny="top">stretch</aspectratio>
		    <visible>!Stringcompare(ListItem.label,..)</visible>
		  </control>	
		  <control type="image">
			<left>65</left>
			<top>60</top>
			<width>70</width>
			<height>70</height>
			<texture background="true">home/homeicons/back.png</texture>
			<aspectratio align="left" aligny="top">keep</aspectratio>
			<visible>Stringcompare(ListItem.label,..)</visible>
		  </control>
		  <control type="image">
			<left>-1</left>
			<top>-1</top>
			<width>40</width>
			<height>44</height>
			<aspectratio>keep</aspectratio>
			<texture>Overlayicons/$INFO[ListItem.Overlay]</texture>
			<colordiffuse>$VAR[BackColorButton]</colordiffuse>
		  </control>
		 </control>
		</focusedlayout>
		</control>
		 <control type="scrollbar" id="1601">
		   <animation effect="zoom" end="83" center="2100,100" time="300" tween="cubic" easing="inout" condition="ControlGroup(9020).HasFocus | ControlGroup(9021).HasFocus | ControlGroup(9030).HasFocus">Conditional</animation>
		   <left>185</left>
		   <top>995</top>
		   <width>1670</width>
		   <height>5</height>
		   <texturesliderbackground>progress/bg.png</texturesliderbackground>
		   <texturesliderbar colordiffuse="$VAR[BackColorFront]">progress/blank.png</texturesliderbar>
		   <texturesliderbarfocus colordiffuse="$VAR[BackColorButton]">progress/blank.png</texturesliderbarfocus>
		   <textureslidernib>button/ScrollBarNib.png</textureslidernib>
		   <textureslidernibfocus>button/ScrollBarNib.png</textureslidernibfocus>
		   <onup>601</onup>
		   <ondown>9020</ondown>
		   <showonepage>false</showonepage>
		   <orientation>horizontal</orientation>
		   <visible>Control.IsVisible(601) + !Skin.HasSetting(viewnoscrollbar)</visible>
		</control>
	   </control>
	   <control type="group">
	   <include>Animation.ZoomIn</include>
	   <visible>Control.IsVisible(601)</visible>
	   <animation effect="zoom" end="83" center="2100,100" time="300" tween="cubic" easing="inout" condition="ControlGroup(9020).HasFocus | ControlGroup(9021).HasFocus | ControlGroup(9030).HasFocus">Conditional</animation>
	   <control type="image">
		  <left>170</left>
		  <top>150</top>
		  <width>1700</width>
		  <height>530</height>
		  <texture background="true">skin/button_klein.png</texture>
		  <bordertexture border="10">ThumbShadow.png</bordertexture>
		  <bordersize>7</bordersize>
		  <aspectratio>stretch</aspectratio>
		  <colordiffuse>$VAR[ColorButtonDialogeBack]</colordiffuse>
	    </control>
	    <control type="image">
		  <left>175</left>
		  <top>155</top>
		  <width>1690</width>
		  <height>520</height>
		  <texture background="true" fallback="special://skin/backgrounds/FALLBACK.jpg">$INFO[Container(601).ListItem.Art(fanart)]</texture>
		  <bordertexture border="10">-</bordertexture>
		  <bordersize>6</bordersize>
		  <aspectratio align="center" aligny="top">scale</aspectratio>
	    </control>
		<control type="image">
		  <left>1680</left>
		  <top>140</top>
		  <width>160</width>
		  <height>160</height>
		  <texture>$VAR[VarStudioIcon]</texture>
		  <colordiffuse>$VAR[ColorIcons]</colordiffuse>
		  <aspectratio>keep</aspectratio>
	    </control>
		<control type="image">
		  <left>180</left>
		  <top>160</top>
		  <width>560</width>
		  <height>510</height>
		  <texture background="true">skin/button_klein_tranz70.png</texture>
		  <aspectratio>stretch</aspectratio>
		  <colordiffuse>$VAR[ColorButtonDialogeBack]</colordiffuse>
		  <visible>!Stringcompare(ListItem.label,..)</visible> 
		  <visible>!ListItem.IsCollection</visible>
	    </control>
		<control type="image">
		  <left>180</left>
		  <top>460</top>
		  <width>1680</width>
		  <height>210</height>
		  <texture background="true">skin/button_klein_tranz70.png</texture>
		  <aspectratio>stretch</aspectratio>
		  <colordiffuse>$VAR[ColorButtonDialogeBack]</colordiffuse>
		  <visible>!Stringcompare(ListItem.label,..)</visible> 
		  <visible>ListItem.IsCollection</visible>
	    </control>
		<!--<control type="image">
		  <left>901</left>
		  <top>157</top>
		  <width>448</width>
		  <height>670</height>
		  <texture background="true" fallback="special://skin/backgrounds/FALLBACK.jpg">$INFO[ListItem.Art(tvshow.poster)]</texture>
		  <bordertexture border="10">-</bordertexture>
		  <bordersize>7</bordersize>
		  <aspectratio align="center" aligny="top">scale</aspectratio>
		  <visible>Container.Content(Episodes)</visible>
	    </control>-->
		<control type="label">
		  <left>200</left>
		  <top>180</top>
		  <width>520</width>
		  <height>36</height>
		  <font>primal_20_Bold</font>
		  <textcolor>$VAR[ColorFontNormal]</textcolor>
		  <shadowcolor>$VAR[ColorFontShadow]</shadowcolor>
		  <selectedcolor>$VAR[ColorFontSelected]</selectedcolor>
		  <align>justify</align>
		  <aligny>center</aligny>
		  <label>$INFO[ListItem.Label]</label>
		  <visible>!Stringcompare(ListItem.label,..)</visible>
		  <visible>!ListItem.IsCollection</visible>
	    </control>
	    <control type="label">
		  <left>200</left>
		  <top>220</top>
		  <width>520</width>
		  <height>36</height>
		  <font>primal_16</font>
		  <textcolor>$VAR[ColorFontNormal]</textcolor>
		  <shadowcolor>$VAR[ColorFontShadow]</shadowcolor>
		  <selectedcolor>$VAR[ColorFontSelected]</selectedcolor>
		  <align>justify</align>
		  <aligny>center</aligny>
		  <label>$VAR[ExtendedInfoYear]$VAR[ExtendedInfoRuntime, • ]$VAR[ExtendedInfoTimeEnd, • ]</label>
		  <visible>!Stringcompare(ListItem.label,..)</visible>
		  <visible>!ListItem.IsCollection</visible>
	    </control>
		<control type="label">
		  <left>200</left>
		  <top>250</top>
		  <width>520</width>
		  <height>36</height>
		  <font>primal_16</font>
		  <textcolor>$VAR[ColorFontNormal]</textcolor>
		  <shadowcolor>$VAR[ColorFontShadow]</shadowcolor>
		  <selectedcolor>$VAR[ColorFontSelected]</selectedcolor>
		  <align>justify</align>
		  <aligny>center</aligny>
		  <label>$VAR[ExtendedInfoRatingAndVotes]</label>
		  <visible>!Stringcompare(ListItem.label,..)</visible>
		  <visible>!ListItem.IsCollection</visible>
	    </control>
		<control type="grouplist">
		  <left>200</left>
		  <top>290</top>
		  <itemgap>10</itemgap>
		  <orientation>horizontal</orientation>
		  <include>AudioLanguageFlaggingConditions</include>
		</control>
		<control type="textbox">
		  <description>Movie Plot</description>
		  <left>200</left>
		  <top>330</top>
		  <width>520</width>
		  <height>275</height>
		  <include condition="!Skin.HasSetting(PlotFontBig)">PlotFontLowVar</include>
		  <include condition="Skin.HasSetting(PlotFontBig)">PlotFontBigVar</include>
		  <align>justify</align>
		  <shadowcolor>$VAR[ColorFontShadow]</shadowcolor>
		  <label>[COLOR $VAR[ColorFontNormal]]$INFO[ListItem.Plot][/COLOR]</label>
		  <autoscroll time="2000" delay="15000" repeat="5000">!Skin.HasSetting(NoPlotScroll)</autoscroll>
		  <visible>!Stringcompare(ListItem.label,..)</visible> 
		  <visible>!ListItem.IsCollection</visible>
		</control>
		<control type="group">
		  <left>130</left>
		  <top>470</top>
		  <include>MovieSetPoster</include>
		  <visible>ListItem.IsCollection</visible>
	    </control>
	    <control type="grouplist">
		  <left>200</left>
		  <top>600</top>
		  <itemgap>10</itemgap>
		  <orientation>horizontal</orientation>
		  <include>VideoCodecFlaggingConditions</include>
		  <include>AudioCodecFlaggingConditions</include>
		  <include>VideoMPAAFlaggingConditions</include>
	    </control>	 
	   </control>
	  </include>
	
	  <!-- ===================================================================================== -->
	  <!-- ============================== POSTERLIST VIEW ID 603 =============================== -->
	  <!-- ===================================================================================== -->
	  <include name="View_603_Posterlist">			
		  <control type="group">
		  <include>Animation.ZoomIn</include>
		  <visible>Control.IsVisible(603)</visible>
		  <animation effect="zoom" end="83" center="2100,100" time="300" tween="cubic" easing="inout" condition="ControlGroup(9020).HasFocus | ControlGroup(9021).HasFocus | ControlGroup(9030).HasFocus">Conditional</animation>
		  <left>0</left>
		  <top>0</top>
		  <control type="list" id="603">
			  <left>180</left>
			  <top>150</top>
			  <width>1900</width>
			  <height>840</height>
			  <onleft>603</onleft>
			  <ondown condition="!SubString(ListItem.Path,videodb://movies/sets/,left)">162591</ondown>
			  <ondown condition="SubString(ListItem.Path,videodb://movies/sets/,left)">162592</ondown>
			  <onup>290000</onup>
			  <onright>603</onright>
			  <viewtype label="Posterlist">list</viewtype>
			  <pagecontrol>1603</pagecontrol>
			  <scrolltime>300</scrolltime>
			  <focusposition>0</focusposition>
			  <orientation>horizontal</orientation>
			  <preloaditems>2</preloaditems>
		      <itemlayout height="300" width="410">
			  <control type="group">
		        <control type="image">
				  <left>0</left>
				  <top>0</top>
				  <width>400</width>
				  <height>840</height>
				  <texture background="true">skin/button_klein.png</texture>
				  <bordertexture border="10">ThumbShadow.png</bordertexture>
				  <bordersize>6</bordersize>
		          <colordiffuse>$VAR[ColorButtonDialogeBack]</colordiffuse>
			   </control>
			   <control type="image">
				  <left>12</left>
				  <top>497</top>
				  <width>375</width>
				  <height>330</height>
				  <texture background="true">skin/button_klein_tranz70.png</texture>
				  <aspectratio>stretch</aspectratio>
				  <colordiffuse>$VAR[BackColorBackground]</colordiffuse>
				  <visible>!Stringcompare(ListItem.label,..)</visible> 
				</control>
			   <control type="image">
				  <left>6</left>
				  <top>7</top>
				  <width>387</width>
				  <height>589</height>
				  <aspectratio align="left" aligny="top">stretch</aspectratio>
				  <texture background="true" fallback="default/noposter.jpg">$VAR[PosterThumb]</texture>
				  <bordertexture border="10">ThumbShadow.png</bordertexture>
		          <bordersize>6</bordersize>
				  <colordiffuse>ff5f5f61</colordiffuse>
				  <visible>!Stringcompare(ListItem.label,..)</visible> 
			   </control>
			   <control type="image">
				  <left>120</left>
				  <top>100</top>
				  <width>120</width>
				  <height>120</height>
				  <aspectratio align="left" aligny="top">stretch</aspectratio>
			      <texture background="true">home/homeicons/back.png</texture>
				  <visible>Stringcompare(ListItem.label,..)</visible> 
			   </control>
			   <control type="image">
				  <left>6</left>
				  <top>4</top>
				  <width>40</width>
				  <height>44</height>
				  <aspectratio>keep</aspectratio>
				  <texture>Overlayicons/$INFO[ListItem.Overlay]</texture>
				  <colordiffuse>$VAR[BackColorButton]</colordiffuse>
				</control>
			    <control type="label">
				  <left>20</left>
				  <top>595</top>
				  <width>360</width>
				  <height>60</height>
				  <font>primal_18</font>
				  <textcolor>$VAR[ColorFontNormal]</textcolor>
	              <shadowcolor>$VAR[ColorFontShadow]</shadowcolor>
				  <selectedcolor>$VAR[ColorFontSelected]</selectedcolor>
				  <align>center</align>
				  <aligny>center</aligny>
				  <label>$INFO[ListItem.Label]</label>
				  <visible>!Stringcompare(ListItem.label,..)</visible> 
				</control>	
				<control type="label">
				  <left>20</left>
				  <top>595</top>
				  <width>360</width>
				  <height>60</height>
				  <font>primal_18</font>
				  <textcolor>$VAR[ColorFontNormal]</textcolor>
	              <shadowcolor>$VAR[ColorFontShadow]</shadowcolor>
				  <selectedcolor>$VAR[ColorFontSelected]</selectedcolor>
				  <align>center</align>
				  <aligny>center</aligny>
				  <label>$LOCALIZE[210]</label>
				  <visible>Stringcompare(ListItem.label,..)</visible> 
				</control>
				<control type="label">
				  <left>20</left>
				  <top>645</top>
				  <width>360</width>
				  <height>45</height>
				  <font>primal_15</font>
				  <textcolor>$VAR[ColorFontNormal]</textcolor>
				  <shadowcolor>$VAR[ColorFontShadow]</shadowcolor>
				  <selectedcolor>$VAR[ColorFontSelected]</selectedcolor>
				  <scroll>true</scroll>
				  <align>center</align>
				  <aligny>center</aligny>
				  <label>$VAR[ExtendedInfoRuntime]</label>
				  <visible>!Stringcompare(ListItem.label,..)</visible> 
				</control>
				<control type="label">
				  <left>20</left>
				  <top>675</top>
				  <width>360</width>
				  <height>45</height>
				  <font>primal_15</font>
				  <textcolor>$VAR[ColorFontNormal]</textcolor>
				  <shadowcolor>$VAR[ColorFontShadow]</shadowcolor>
				  <selectedcolor>$VAR[ColorFontSelected]</selectedcolor>
				  <scroll>true</scroll>
				  <align>center</align>
				  <aligny>center</aligny>
				  <label>$VAR[ExtendedInfoTimeEnd]</label>
				  <visible>!Stringcompare(ListItem.label,..)</visible> 
				</control>
				<control type="image">
				  <description>Rating value</description>
				  <left>123</left>
				  <top>720</top>
				  <align>right</align>
				  <width>150</width>
				  <height>30</height>
				  <texture>$INFO[Listitem.StarRating]</texture>
				  <visible>!ListItem.IsFolder</visible>
				</control>
				<control type="group">
				  <left>25</left>
				  <top>770</top>
				  <orientation>horizontal</orientation>
				  <include>FlaggingConditionsLittle</include>
				</control>
			</control>
		  </itemlayout>
		  <focusedlayout height="300" width="410">
		      <control type="group">
			  <animation type="Focus">
				  <effect type="zoom" time="150" start="95" end="100" center="245,260" />
				  <effect type="zoom" time="150" start="105" end="102" delay="150" center="245,260" />
			  </animation>
				<control type="image">
				  <left>0</left>
				  <top>0</top>
				  <width>400</width>
				  <height>840</height>
				  <texture background="true">skin/button_klein.png</texture>
				  <bordertexture border="10">ThumbShadow.png</bordertexture>
				  <bordersize>6</bordersize>
		          <colordiffuse>$VAR[BackColorButton]</colordiffuse>
			   </control>
			   <control type="image">
				  <left>12</left>
				  <top>497</top>
				  <width>375</width>
				  <height>330</height>
				  <texture background="true">skin/button_klein.png</texture>
				  <aspectratio>stretch</aspectratio>
				  <colordiffuse>$VAR[BackColorBackground]</colordiffuse>
				  <visible>!Stringcompare(ListItem.label,..)</visible> 
				</control>
			   <control type="image">
				  <left>6</left>
				  <top>7</top>
				  <width>387</width>
				  <height>589</height>
				  <aspectratio align="left" aligny="top">stretch</aspectratio>
				  <texture background="true" fallback="default/noposter.jpg">$VAR[PosterThumb]</texture>
				  <bordertexture border="10">ThumbShadow.png</bordertexture>
		          <bordersize>6</bordersize>
				  <visible>!Stringcompare(ListItem.label,..)</visible> 
			   </control>
			   <control type="image">
				  <left>120</left>
				  <top>100</top>
				  <width>120</width>
				  <height>120</height>
				  <aspectratio align="left" aligny="top">stretch</aspectratio>
			      <texture background="true">home/homeicons/back.png</texture>
				  <visible>Stringcompare(ListItem.label,..)</visible> 
			   </control>
				<control type="image">
				  <left>6</left>
				  <top>4</top>
				  <width>40</width>
				  <height>44</height>
				  <aspectratio>keep</aspectratio>
				  <texture>Overlayicons/$INFO[ListItem.Overlay]</texture>
				  <colordiffuse>$VAR[BackColorButton]</colordiffuse>
				</control>
				<control type="label">
				  <left>20</left>
				  <top>595</top>
				  <width>360</width>
				  <height>60</height>
				  <font>primal_18</font>
				  <textcolor>$VAR[ColorFontNormal]</textcolor>
	              <shadowcolor>$VAR[ColorFontShadow]</shadowcolor>
				  <selectedcolor>$VAR[ColorFontSelected]</selectedcolor>
				  <align>center</align>
				  <aligny>center</aligny>
				  <label>$INFO[ListItem.Label]</label>
				  <visible>!Stringcompare(ListItem.label,..)</visible> 
				</control>	
				<control type="label">
				  <left>20</left>
				  <top>595</top>
				  <width>360</width>
				  <height>60</height>
				  <font>primal_18</font>
				  <textcolor>$VAR[ColorFontNormal]</textcolor>
	              <shadowcolor>$VAR[ColorFontShadow]</shadowcolor>
				  <selectedcolor>$VAR[ColorFontSelected]</selectedcolor>
				  <align>center</align>
				  <aligny>center</aligny>
				  <label>$LOCALIZE[210]</label>
				  <visible>Stringcompare(ListItem.label,..)</visible> 
				</control>
				<control type="fadelabel">
				  <left>20</left>
				  <top>645</top>
				  <width>360</width>
				  <height>45</height>
				  <font>primal_15</font>
				  <textcolor>$VAR[ColorFontNormal]</textcolor>
				  <shadowcolor>$VAR[ColorFontShadow]</shadowcolor>
				  <scroll>true</scroll>
				  <scrollspeed>25</scrollspeed>
				  <align>center</align>
				  <aligny>center</aligny>
				  <label>$VAR[ExtendedInfoRuntime]</label>
				  <scrollout>false</scrollout>
				  <pauseatend>2000</pauseatend>
				  <visible>!Stringcompare(ListItem.label,..)</visible> 
				</control>
				<control type="fadelabel">
				  <left>20</left>
				  <top>675</top>
				  <width>360</width>
				  <height>45</height>
				  <font>primal_15</font>
				  <textcolor>$VAR[ColorFontNormal]</textcolor>
				  <shadowcolor>$VAR[ColorFontShadow]</shadowcolor>
				  <scroll>true</scroll>
				  <scrollspeed>25</scrollspeed>
				  <align>center</align>
				  <aligny>center</aligny>
				  <label>$VAR[ExtendedInfoTimeEnd]</label>
				  <scrollout>false</scrollout>
				  <pauseatend>2000</pauseatend>
				  <visible>!Stringcompare(ListItem.label,..)</visible> 
				</control>
				<control type="image">
				  <description>Rating value</description>
				  <left>123</left>
				  <top>720</top>
				  <align>right</align>
				  <width>150</width>
				  <height>30</height>
				  <texture>$INFO[Listitem.StarRating]</texture>
				  <visible>!ListItem.IsFolder</visible>
				</control>
				<control type="group">
				  <left>25</left>
				  <top>770</top>
				  <orientation>horizontal</orientation>
				  <include>FlaggingConditionsLittle</include>
				</control>
			   </control>
			  </focusedlayout>
			</control>	
			<control type="scrollbar" id="1603">
			   <left>100</left>
			   <top>1005</top>
			   <width>1800</width>
			   <height>5</height>
			   <texturesliderbackground>progress/bg.png</texturesliderbackground>
			   <texturesliderbar colordiffuse="$VAR[BackColorFront]">progress/blank.png</texturesliderbar>
			   <texturesliderbarfocus colordiffuse="$VAR[BackColorButton]">progress/blank.png</texturesliderbarfocus>
			   <textureslidernib>button/ScrollBarNib.png</textureslidernib>
			   <textureslidernibfocus>button/ScrollBarNib.png</textureslidernibfocus>
			   <onup>603</onup>
			   <ondown>162592</ondown>
			   <showonepage>false</showonepage>
			   <orientation>horizontal</orientation>
			   <visible>Control.IsVisible(603) + !Skin.HasSetting(viewnoscrollbar)</visible>
			</control>	
			<include>ViewInfoWindow</include>
		  </control>
		</include>
		
	<!-- ===================================================================================== -->
	<!-- ============================== FANARTLIST VIEW ID 598 =============================== -->
	<!-- ===================================================================================== -->
	<include name="View_598_Fanartlist">
		<control type="group">
		<include>Animation.ZoomIn</include>
		<visible>Control.IsVisible(598)</visible>
		<animation effect="zoom" end="83" center="2100,100" time="300" tween="cubic" easing="inout" condition="ControlGroup(9020).HasFocus | ControlGroup(9021).HasFocus | ControlGroup(9030).HasFocus">Conditional</animation>
		<control type="image">
		  <left>1355</left>
		  <top>150</top>
		  <width>515</width>
		  <height>840</height>
		  <texture background="true">skin/button_klein.png</texture>
		  <bordertexture border="10">ThumbShadow.png</bordertexture>
		  <bordersize>7</bordersize>
		  <colordiffuse>$VAR[ColorButtonDialogeBack]</colordiffuse>		
		</control>
		<control type="list" id="598">
		  <include>Animation.ZoomIn</include>
		  <left>1362</left>
		  <top>165</top>
		  <width>600</width>
		  <height>800</height>
		  <onright>1598</onright>
		  <onleft>62592</onleft>
		  <onup>598</onup>
		  <ondown>598</ondown>
		  <pagecontrol>1598</pagecontrol>
		  <viewtype label="Fanartlist">list</viewtype>
		  <scrolltime tween="Quadratic" easing="out">500</scrolltime>
		  <focusposition>0</focusposition>
		  <orientation>vertical</orientation>
		  <movement>1</movement>
		  <itemlayout condition="!Skin.HasSetting(banner598)" height="81" width="250">
		  <control type="group">
		  <control type="image">
			<left>0</left>
			<top>0</top>
			<width>501</width>
			<height>1</height>
			<texture background="true">default/separator.png</texture>
		  </control>		
		  <control type="label">
			<left>30</left>
			<top>20</top>
			<width>450</width>
			<height>36</height>
			<font>primal_20</font>
			<label>$INFO[ListItem.Label]</label>
			<textcolor>$VAR[ColorFontUnfocus]</textcolor>
			<shadowcolor>$VAR[ColorFontShadow]</shadowcolor>
			<selectedcolor>$VAR[ColorFontSelected]</selectedcolor>
			<align>left</align>
			<aligny>center</aligny>	 
			<visible>!Stringcompare(ListItem.label,..)</visible> 
		  </control>
		  <control type="label">
			<left>30</left>
			<top>20</top>
			<width>450</width>
			<height>36</height>
			<font>primal_20</font>
			<label>210</label>
			<textcolor>$VAR[ColorFontUnfocus]</textcolor>
			<shadowcolor>$VAR[ColorFontShadow]</shadowcolor>
			<selectedcolor>$VAR[ColorFontSelected]</selectedcolor>
			<align>left</align>
			<aligny>center</aligny>	 
			<visible>Stringcompare(ListItem.label,..)</visible> 
		  </control>
		  <control type="image">
			<left>0</left>
			<top>-1</top>
			<width>40</width>
			<height>44</height>
			<aspectratio>keep</aspectratio>
			<texture>Overlayicons/$INFO[ListItem.Overlay]</texture>
			<colordiffuse>$VAR[BackColorButton]</colordiffuse>
		  </control>
		 </control>
		</itemlayout>
		<itemlayout condition="Skin.HasSetting(banner598)" height="100" width="250">
		  <control type="group">
		  <control type="image">
			<left>5</left>
			<top>5</top>
			<width>490</width>
			<height>90</height>
			<texture background="true" fallback="default/banner_fallback.jpg">$INFO[ListItem.Art(banner)]</texture>
			<bordertexture border="10">ThumbShadow.png</bordertexture>
			<bordersize>6</bordersize>
			<aspectratio align="center" aligny="top">stretch</aspectratio>
		  </control>
		  <control type="image">
			<left>10</left>
			<top>8</top>
			<width>40</width>
			<height>44</height>
			<aspectratio>keep</aspectratio>
			<texture>Overlayicons/$INFO[ListItem.Overlay]</texture>
		  </control>		
		 </control>
		</itemlayout>
		<focusedlayout condition="!Skin.HasSetting(banner598)" height="81" width="250">
		  <control type="image">
			<left>0</left>
			<top>0</top>
			<width>501</width>
			<height>1</height>
			<texture background="true">default/separator.png</texture>
		  </control>
		  <control type="image">
			<left>0</left>
			<top>1</top>
			<width>501</width>
			<height>80</height>
			<texture background="true">skin/button_klein.png</texture>
			<colordiffuse>$VAR[BackColorButton]</colordiffuse>
			<visible>Control.Hasfocus(598)</visible>
		  </control>
		  <control type="image">
			<left>0</left>
			<top>0</top>
			<width>5</width>
			<height>80</height>
			<texture background="true">skin/button_klein.png</texture>
			<colordiffuse>$VAR[BackColorButton]</colordiffuse>
			<visible>!Control.Hasfocus(598)</visible>
		  </control>		
		  <control type="label">
			<left>30</left>
			<top>20</top>
			<width>450</width>
			<height>36</height>
			<font>primal_20</font>
			<label>$INFO[ListItem.Label]</label>
			<textcolor>$VAR[ColorFontNormal]</textcolor>
			<shadowcolor>$VAR[ColorFontShadow]</shadowcolor>
			<selectedcolor>$VAR[ColorFontSelected]</selectedcolor>
			<align>left</align>
			<aligny>center</aligny>	
			<visible>!Stringcompare(ListItem.label,..)</visible>  
		  </control>
		  <control type="label">
			<left>30</left>
			<top>20</top>
			<width>450</width>
			<height>36</height>
			<font>primal_20</font>
			<label>210</label>
			<textcolor>$VAR[ColorFontNormal]</textcolor>
			<shadowcolor>$VAR[ColorFontShadow]</shadowcolor>
			<selectedcolor>$VAR[ColorFontSelected]</selectedcolor>
			<align>left</align>
			<aligny>center</aligny>	
			<visible>Stringcompare(ListItem.label,..)</visible>  
		  </control>
		  <control type="image">
			<left>0</left>
			<top>-1</top>
			<width>40</width>
			<height>44</height>
			<aspectratio>keep</aspectratio>
			<texture>Overlayicons/$INFO[ListItem.Overlay]</texture>
		  </control>
		</focusedlayout>
		<focusedlayout condition="Skin.HasSetting(banner598)" height="100" width="250">
		  <control type="image">
			<left>0</left>
			<top>0</top>
			<width>501</width>
			<height>100</height>
			<texture background="true">skin/button_klein.png</texture>
			<bordertexture border="10">ThumbShadow.png</bordertexture>
			<bordersize>6</bordersize>
			<colordiffuse>$VAR[BackColorButton]</colordiffuse>
		  </control>
		  <control type="image">
			<left>5</left>
			<top>5</top>
			<width>490</width>
			<height>90</height>
			<texture background="true" fallback="default/banner_fallback.jpg">$INFO[ListItem.Art(banner)]</texture>
			<bordertexture border="10">ThumbShadow.png</bordertexture>
			<bordersize>6</bordersize>
			<aspectratio align="center" aligny="top">stretch</aspectratio>
		  </control>
		  <control type="image">
			<left>10</left>
			<top>8</top>
			<width>40</width>
			<height>44</height>
			<aspectratio>keep</aspectratio>
			<texture>Overlayicons/$INFO[ListItem.Overlay]</texture>
		  </control>
		  <include>SetPoster</include>
		</focusedlayout>
		</control>
		<control type="scrollbar" id="1598">
		   <include>Animation.ZoomIn</include>
		   <left>1870</left>
		   <top>165</top>
		   <width>5</width>
		   <height>810</height>
		   <texturesliderbackground>progress/bg.png</texturesliderbackground>
		   <texturesliderbar colordiffuse="$VAR[BackColorFront]">progress/blank.png</texturesliderbar>
		   <texturesliderbarfocus colordiffuse="$VAR[BackColorButton]">progress/blank.png</texturesliderbarfocus>
		   <textureslidernib>button/ScrollBarNib.png</textureslidernib>
		   <textureslidernibfocus>button/ScrollBarNib.png</textureslidernibfocus>
		   <onleft>598</onleft>
		   <onright>290000</onright>
		   <showonepage>false</showonepage>
		   <orientation>vertical</orientation>
		   <visible>Control.IsVisible(598) + !Skin.HasSetting(viewnoscrollbar)</visible>
		</control>
	   </control>	   
	   <control type="group">
	   <include>Animation.ZoomIn</include>
	   <visible>Control.IsVisible(598)</visible>
	   <animation effect="zoom" end="83" center="2100,100" time="300" tween="cubic" easing="inout" condition="ControlGroup(9020).HasFocus | ControlGroup(9021).HasFocus | ControlGroup(9030).HasFocus">Conditional</animation>
	   <control type="image"><!-- Fanart -->
		  <left>170</left>
		  <top>150</top>
		  <width>725</width>
		  <height>415</height>
		  <texture background="true">skin/button_klein.png</texture>
		  <bordertexture border="10">ThumbShadow.png</bordertexture>
		  <bordersize>7</bordersize>
		  <aspectratio>stretch</aspectratio>
		  <colordiffuse>$VAR[ColorButtonDialogeBack]</colordiffuse>
		  <visible>!ListItem.IsCollection</visible>
	    </control>
	    <control type="image">
		  <left>177</left>
		  <top>157</top>
		  <width>712</width>
		  <height>401</height>
		  <texture background="true" fallback="special://skin/backgrounds/FALLBACK.jpg">$INFO[Container(598).ListItem.Art(fanart)]</texture>
		  <bordertexture border="10">ThumbShadow.png</bordertexture>
		  <bordersize>6</bordersize>
		  <aspectratio align="center" aligny="top">scale</aspectratio>
		  <visible>!ListItem.IsCollection</visible>
	    </control>
		<control type="image"><!-- Poster -->
		  <left>895</left>
		  <top>150</top>
		  <width>460</width>
		  <height>685</height>
		  <texture background="true">skin/button_klein.png</texture>
		  <bordertexture border="10">ThumbShadow.png</bordertexture>
		  <bordersize>7</bordersize>
		  <aspectratio>stretch</aspectratio>
		  <colordiffuse>$VAR[ColorButtonDialogeBack]</colordiffuse>
		</control>
	    <control type="image">
		  <left>901</left>
		  <top>157</top>
		  <width>448</width>
		  <height>670</height>
		  <texture background="true" fallback="default/noposter.jpg">$INFO[Container(598).ListItem.Art(poster)]</texture>
		  <bordertexture border="10">ThumbShadow.png</bordertexture>
		  <bordersize>6</bordersize>
		  <aspectratio align="center" aligny="top">stretch</aspectratio>
	    </control>
		<control type="image">
		  <left>901</left>
		  <top>157</top>
		  <width>448</width>
		  <height>670</height>
		  <texture background="true">default/noposter.jpg</texture>
		  <bordertexture border="10">ThumbShadow.png</bordertexture>
		  <bordersize>6</bordersize>
		  <aspectratio align="center" aligny="top">stretch</aspectratio>
		  <visible>Stringcompare(ListItem.label,..)</visible> 
		</control>
		<control type="image"><!-- Beschreibung -->
		  <left>170</left>
		  <top>565</top>
		  <width>725</width>
		  <height>425</height>
		  <texture background="true">skin/button_klein.png</texture>
		  <bordertexture border="10">ThumbShadow.png</bordertexture>
		  <bordersize>7</bordersize>
		  <aspectratio>stretch</aspectratio>
		  <colordiffuse>$VAR[ColorButtonDialogeBack]</colordiffuse>
		  <visible>!ListItem.IsCollection</visible> 
		</control>
	    <control type="image">
		  <left>184</left>
		  <top>580</top>
		  <width>696</width>
		  <height>396</height>
		  <texture background="true">skin/button_klein_tranz90.png</texture>
		  <aspectratio>stretch</aspectratio>
		  <colordiffuse>$VAR[BackColorFront]</colordiffuse>
		  <visible>!Stringcompare(ListItem.label,..)</visible> 
		  <visible>!ListItem.IsCollection</visible> 
	    </control>
		<control type="label">
		  <left>210</left>
		  <top>595</top>
		  <width>500</width>
		  <height>36</height>
		  <font>primal_20_Bold</font>
		  <textcolor>$VAR[ColorFontNormal]</textcolor>
		  <shadowcolor>$VAR[ColorFontShadow]</shadowcolor>
		  <selectedcolor>$VAR[ColorFontSelected]</selectedcolor>
		  <align>justify</align>
		  <aligny>center</aligny>
		  <label>$INFO[ListItem.Label]</label>
		  <visible>!Stringcompare(ListItem.label,..)</visible>
		  <visible>!ListItem.IsCollection</visible> 
	    </control>
	    <control type="label">
		  <left>210</left>
		  <top>630</top>
		  <width>500</width>
		  <height>36</height>
		  <font>primal_15</font>
		  <textcolor>$VAR[ColorFontNormal]</textcolor>
		  <shadowcolor>$VAR[ColorFontShadow]</shadowcolor>
		  <selectedcolor>$VAR[ColorFontSelected]</selectedcolor>
		  <align>justify</align>
		  <aligny>center</aligny>
		  <label>$VAR[ExtendedInfoYear]$VAR[ExtendedInfoRuntime, • ] • $LOCALIZE[49972] $INFO[ListItem.EndTime]</label>
		  <visible>!Stringcompare(ListItem.label,..)</visible>
		  <visible>!ListItem.IsCollection</visible> 
	    </control>
		<control type="label">
		  <left>210</left>
		  <top>660</top>
		  <width>500</width>
		  <height>36</height>
		  <font>primal_15</font>
		  <textcolor>$VAR[ColorFontNormal]</textcolor>
		  <shadowcolor>$VAR[ColorFontShadow]</shadowcolor>
		  <selectedcolor>$VAR[ColorFontSelected]</selectedcolor>
		  <align>justify</align>
		  <aligny>center</aligny>
		  <label>$VAR[ExtendedInfoGenre]</label>
		  <visible>!Stringcompare(ListItem.label,..)</visible>
		  <visible>!ListItem.IsCollection</visible> 
	    </control>
		<control type="grouplist">
		  <left>210</left>
		  <top>698</top>
		  <itemgap>10</itemgap>
		  <orientation>horizontal</orientation>
		  <include>AudioLanguageFlaggingConditions</include>
		</control>
		<control type="textbox">
		  <description>Movie Plot</description>
		  <left>210</left>
		  <top>740</top>
		  <width>640</width>
		  <height>215</height>
		  <include condition="!Skin.HasSetting(PlotFontBig)">PlotFontLowVar</include>
		  <include condition="Skin.HasSetting(PlotFontBig)">PlotFontBigVar</include>
		  <align>justify</align>
		  <shadowcolor>$VAR[ColorFontShadow]</shadowcolor>
		  <label>[COLOR $VAR[ColorFontNormal]]$INFO[ListItem.Plot][/COLOR]</label>
		  <autoscroll time="2000" delay="15000" repeat="5000">!Skin.HasSetting(NoPlotScroll)</autoscroll>
		  <visible>!Stringcompare(ListItem.label,..)</visible> 
		</control>
		<control type="image"><!-- Zusatz -->
		  <left>895</left>
		  <top>835</top>
		  <width>460</width>
		  <height>155</height>
		  <texture background="true">skin/button_klein.png</texture>
		  <bordertexture border="10">ThumbShadow.png</bordertexture>
		  <bordersize>7</bordersize>
		  <aspectratio>stretch</aspectratio>
		  <colordiffuse>$VAR[ColorButtonDialogeBack]</colordiffuse>
		</control>
		<control type="label">
		  <left>920</left>
		  <top>850</top>
		  <width>640</width>
		  <height>36</height>
		  <font>primal_15</font>
		  <textcolor>$VAR[ColorFontNormal]</textcolor>
		  <shadowcolor>$VAR[ColorFontShadow]</shadowcolor>
		  <selectedcolor>$VAR[ColorFontSelected]</selectedcolor>
		  <align>left</align>
		  <aligny>center</aligny>
		  <label>$VAR[ExtendedInfoRatingAndVotes]</label>
	    </control>
		<control type="label">
		  <left>920</left>
		  <top>880</top>
		  <width>350</width>
		  <height>36</height>
		  <font>primal_15</font>
		  <textcolor>$VAR[ColorFontNormal]</textcolor>
		  <shadowcolor>$VAR[ColorFontShadow]</shadowcolor>
		  <selectedcolor>$VAR[ColorFontSelected]</selectedcolor>
		  <align>left</align>
		  <aligny>center</aligny>
		  <label>$VAR[ExtendedInfoStudio]</label>
	    </control>
		<control type="label">
		  <left>920</left>
		  <top>880</top>
		  <width>150</width>
		  <height>36</height>
		  <font>primal_15</font>
		  <textcolor>$VAR[ColorFontNormal]</textcolor>
		  <shadowcolor>$VAR[ColorFontShadow]</shadowcolor>
		  <selectedcolor>$VAR[ColorFontSelected]</selectedcolor>
		  <align>left</align>
		  <aligny>center</aligny>
		  <label>$VAR[ExtendedInfoTop250]</label>
		  <visible>!IsEmpty(ListItem.Top250)</visible> 
	    </control>		
	    <control type="group">
		  <left>920</left>
		  <top>920</top>
		  <include>FlaggingConditionsLittle</include>
	    </control>
		<control type="image">
		  <left>1285</left>
		  <top>845</top>
		  <width>60</width>
		  <height>135</height>
		  <texture background="true">skin/button_klein_tranz70.png</texture>
		  <aspectratio>stretch</aspectratio>
		  <colordiffuse>$VAR[BackColorFront]</colordiffuse>
		</control>
	    <control type="image">
		  <left>1295</left>
		  <top>853</top>
		  <width>42</width>
		  <height>28</height>
		  <texture>$INFO[ListItem.VideoResolution,flagging/list/,.png]</texture>
		  <colordiffuse>$VAR[ColorIcons]</colordiffuse>
		  <visible>Window.IsVisible(Videos) + [Container.Content(Movies) | Container.Content(Episodes) | Container.Content(MusicVideos)]</visible>
		  <visible>!Stringcompare(ListItem.label,..)</visible> 
	    </control>
	    <control type="image">
		  <left>1295</left>
		  <top>853</top>
		  <width>42</width>
		  <height>28</height>
		  <texture>flagging/list/set.png</texture>
		  <colordiffuse>$VAR[ColorIcons]</colordiffuse>
		  <visible>ListItem.IsCollection</visible>
		  <visible>!Stringcompare(ListItem.label,..)</visible> 
	    </control>
	    <control type="image">
		  <left>1295</left>
		  <top>893</top>
		  <width>42</width>
		  <height>28</height>
		  <texture>flagging/list/3d.png</texture>
		  <colordiffuse>$VAR[ColorIcons]</colordiffuse>
		  <visible>Window.IsVisible(Videos) + [Container.Content(Movies) | Container.Content(Episodes) | Container.Content(MusicVideos)]</visible>
		  <visible>SubString(ListItem.FileNameAndPath, 3D)</visible>
		  <visible>!Stringcompare(ListItem.label,..)</visible> 
	    </control>	
		<control type="image">
		  <description>MPAA</description>
		  <left>1285</left>
		  <top>913</top>
		  <width>65</width>
		  <height>65</height>
		  <aspectratio>keep</aspectratio>
		  <texture>$VAR[mpaa]</texture>
		</control>
		<control type="image">
		  <left>740</left>
		  <top>600</top>
		  <width>110</width>
		  <height>110</height>
		  <texture>$VAR[VarStudioIcon]</texture>
		  <colordiffuse>$VAR[ColorIcons]</colordiffuse>
		  <aspectratio>stretch</aspectratio>
	    </control>
		<control type="image"><!-- Plot Set -->
		  <left>170</left>
		  <top>150</top>
		  <width>725</width>
		  <height>840</height>
		  <texture background="true">skin/button_klein.png</texture>
		  <bordertexture border="10">ThumbShadow.png</bordertexture>
		  <bordersize>7</bordersize>
		  <aspectratio>stretch</aspectratio>
		  <colordiffuse>$VAR[ColorButtonDialogeBack]</colordiffuse>
		  <visible>ListItem.IsCollection</visible>
	    </control>
		<control type="image">
		  <left>183</left>
		  <top>163</top>
		  <width>699</width>
		  <height>814</height>
		  <texture background="true">skin/button_klein_tranz70.png</texture>
		  <aspectratio>stretch</aspectratio>
		  <colordiffuse>$VAR[BackColorFront]</colordiffuse>
		  <visible>ListItem.IsCollection</visible>
		</control>
		<control type="group">
		  <include>MovieSetInformation</include>
		  <visible>ListItem.IsCollection</visible>
	    </control>   
	   </control>
	</include>
	
	<!-- ===================================================================================== -->
	<!-- ============================ CLEARARTVIEW VIEW ID 606 =============================== -->
	<!-- ===================================================================================== -->
	<include name="View_606_LogoFanart">
		<control type="group">
		<visible>Control.IsVisible(606)</visible>
		<animation effect="zoom" end="83" center="2100,100" time="300" tween="cubic" easing="inout" condition="ControlGroup(9020).HasFocus | ControlGroup(9021).HasFocus | ControlGroup(9030).HasFocus">Conditional</animation>
		<control type="panel" id="606">
		  <include>Animation.ZoomIn</include>
		  <left>175</left>
		  <top>150</top>
		  <width>1920</width>
		  <height>835</height>
		  <onright>290000</onright>
		  <onleft>9020</onleft>
		  <onup>606</onup>
		  <ondown>606</ondown>
		  <viewtype label="Fanart Wall">list</viewtype>
		  <scrolltime tween="Quadratic" easing="out">500</scrolltime>
		  <focusposition>0</focusposition>
		  <orientation>vertical</orientation>
		  <movement>1</movement>
		  <itemlayout height="280" width="425">
		  <control type="group">
		  <control type="image">
			<left>0</left>
			<top>0</top>
			<width>425</width>
			<height>280</height>
			<texture background="true">skin/button_klein.png</texture>
			<bordertexture border="10">ThumbShadow.png</bordertexture>
			<bordersize>7</bordersize>
			<aspectratio>stretch</aspectratio>
			<colordiffuse>$VAR[ColorButtonDialogeBack]</colordiffuse>
		  </control>	
		  <control type="image">
			<left>12</left>
			<top>12</top>
			<width>400</width>
			<height>256</height>
			<texture background="true">$VAR[VarFanart2]</texture>
			<aspectratio align="center" aligny="center">scale</aspectratio>
			<visible>!Stringcompare(ListItem.label,..)</visible>
		  </control>
		  <control type="image">
			<left>12</left>
			<top>12</top>
			<width>400</width>
			<height>256</height>
			<texture background="true">skin/button_klein_tranz80.png</texture>
			<aspectratio>stretch</aspectratio>
			<colordiffuse>$VAR[ColorButtonDialogeBack]</colordiffuse>
		  </control>
		  <control type="image">
			<left>20</left>
			<top>20</top>
			<width>380</width>
			<height>220</height>
			<texture background="true">$INFO[ListItem.Art(clearlogo)]</texture>
			<aspectratio align="center" aligny="center">keep</aspectratio>
			<visible>!Stringcompare(ListItem.label,..)</visible>
		  </control>
		  <control type="image">
			<left>7</left>
			<top>5</top>
			<width>40</width>
			<height>44</height>
			<aspectratio>keep</aspectratio>
			<texture>Overlayicons/$INFO[ListItem.Overlay]</texture>
			<colordiffuse>$VAR[BackColorButton]</colordiffuse>
		  </control>
		  <control type="image">
			<left>175</left>
			<top>100</top>
			<width>70</width>
			<height>70</height>
			<texture background="true">home/homeicons/back.png</texture>
			<aspectratio align="left" aligny="top">keep</aspectratio>
			<visible>Stringcompare(ListItem.label,..)</visible>
		  </control>	
		 </control>
		</itemlayout>
		<focusedlayout height="280" width="425">
		  <control type="image">
			<left>0</left>
			<top>0</top>
			<width>425</width>
			<height>280</height>
			<texture background="true">skin/button_klein.png</texture>
			<bordertexture border="10">ThumbShadow.png</bordertexture>
			<bordersize>7</bordersize>
			<aspectratio>stretch</aspectratio>
			<colordiffuse>$VAR[BackColorButton]</colordiffuse>
		  </control>
		  <control type="image">
			<left>12</left>
			<top>12</top>
			<width>400</width>
			<height>256</height>
			<texture background="true">$VAR[VarFanart2]</texture>
			<aspectratio align="center" aligny="center">scale</aspectratio>
			<visible>!Stringcompare(ListItem.label,..)</visible>
		  </control>
		  <control type="image">
			<left>12</left>
			<top>12</top>
			<width>400</width>
			<height>256</height>
			<texture background="true">skin/button_klein_tranz80.png</texture>
			<aspectratio>stretch</aspectratio>
			<colordiffuse>$VAR[ColorButtonDialogeBack]</colordiffuse>
		  </control>
		  <control type="image">
			<left>20</left>
			<top>20</top>
			<width>380</width>
			<height>220</height>
			<texture background="true">$INFO[ListItem.Art(clearlogo)]</texture>
			<aspectratio align="center" aligny="center">keep</aspectratio>
			<visible>!Stringcompare(ListItem.label,..)</visible>
		  </control>
		  <control type="image">
			<left>7</left>
			<top>5</top>
			<width>40</width>
			<height>44</height>
			<aspectratio>keep</aspectratio>
			<texture>Overlayicons/$INFO[ListItem.Overlay]</texture>
			<colordiffuse>$VAR[BackColorButton]</colordiffuse>
		  </control>
		  <control type="image">
			<left>175</left>
			<top>100</top>
			<width>70</width>
			<height>70</height>
			<texture background="true">home/homeicons/back.png</texture>
			<aspectratio align="left" aligny="top">keep</aspectratio>
			<visible>Stringcompare(ListItem.label,..)</visible>
		  </control>
		</focusedlayout>
		</control>
	   </control>
	</include>
	
	<!-- ===================================================================================== -->
	<!-- ============================== WALL VIEW ID 605 ===================================== -->
	<!-- ===================================================================================== -->
	<include name="View_605_WallView">
	<control type="group">
		<animation effect="zoom" end="80.5" center="2100,100" time="300" tween="cubic" easing="inout" condition="ControlGroup(9020).HasFocus">Conditional</animation>
		<visible>Control.IsVisible(605)</visible>
		<control type="group">
			<left>0</left>
			<top>-2</top>
			<visible>Control.IsVisible(605)</visible>
			<control type="group" id="8013">
				<animation reversible="false" effect="slide" start="0,0" end="-246,0" time="300" tween="quadratic" easing="out">Hidden</animation>
				<visible>Container.OnNext</visible>
				<include>Includes_OnNext_Wall</include>
			</control>
			<control type="group" id="8014">
				<animation reversible="false" effect="slide" start="0,0" end="246,0" time="300" tween="quadratic" easing="out">Hidden</animation>
				<visible>Container.OnPrevious</visible>
				<include>Includes_OnPrevious_Wall</include>
			</control>
			<control type="group">
				<animation type="WindowOpen" tween="sine" easing="out">
					<effect type="fade" start="0" end="100" time="1000" />
				</animation>
				<animation type="WindowClose" tween="sine" easing="out">
					<effect type="fade" start="100" end="0" time="1000" delay="800" />
				</animation>
				<visible>!Control.IsVisible(8013) + !Control.IsVisible(8014)</visible>
				<include>Includes_Static_Wall</include>
			</control>
		</control>
		<control type="group">
			<visible>Control.IsVisible(605)</visible>
			<control type="group">
				<animation effect="fade" start="0" end="100" time="2000" tween="sine" easing="out">WindowOpen</animation>
				<animation effect="fade" start="100" end="0" time="2000" tween="sine" easing="out">WindowClose</animation>
				<animation reversible="true" effect="zoom" start="100" end="80" center="660,510" time="300" tween="quadratic" easing="in" condition="Control.IsVisible(8013) | Control.IsVisible(8014)">Conditional</animation>
				<control type="image">
				  <left>430</left>
				  <top>263</top>
				  <width>1150</width>
				  <height>551</height>
				  <texture background="true">skin/button_klein.png</texture>
				  <bordertexture border="10">ThumbShadow.png</bordertexture>
				  <bordersize>6</bordersize>
				  <aspectratio>stretch</aspectratio>
				  <colordiffuse>$VAR[BackColorFront]</colordiffuse>
				</control> 
				<control type="image">
				  <left>442</left>
				  <top>275</top>
				  <width>1126</width>
				  <height>527</height>
				  <texture background="true">skin/button_klein.png</texture>
				  <aspectratio>stretch</aspectratio>
				  <colordiffuse>$VAR[ColorButtonDialogeBack]</colordiffuse>
				</control>
				<control type="label">
				  <left>850</left>
				  <top>300</top>
				  <width>550</width>
				  <height>60</height>
				  <font>primal_20_Title</font>
				  <textcolor>$VAR[ColorFontNormal]</textcolor>
				  <shadowcolor>$VAR[ColorFontShadow]</shadowcolor>
				  <selectedcolor>$VAR[ColorFontSelected]</selectedcolor>
				  <align>left</align>
				  <aligny>center</aligny>
				  <label>$INFO[ListItem.Label]</label>
				</control>
				<control type="image">
				  <left>1400</left>
				  <top>250</top>
				  <width>160</width>
				  <height>160</height>
				  <texture>$VAR[VarStudioIcon]</texture>
				  <colordiffuse>$VAR[ColorIcons]</colordiffuse>
				  <aspectratio>keep</aspectratio>
				</control>
				<control type="image">
				  <description>Rating value</description>
				  <left>850</left>
				  <top>360</top>
				  <align>left</align>
				  <width>135</width>
				  <height>25</height>
				  <itemgap>0</itemgap>
				  <orientation>vertical</orientation>
				  <texture>$INFO[Listitem.StarRating]</texture>
				  <!--<visible>!ListItem.IsFolder</visible>-->
				</control>
				<control type="label">
				  <left>850</left>
				  <top>380</top>
				  <width>700</width>
				  <height>60</height>
				  <font>primal_16</font>
				  <textcolor>$VAR[ColorFontNormal]</textcolor>
				  <shadowcolor>$VAR[ColorFontShadow]</shadowcolor>
				  <selectedcolor>$VAR[ColorFontSelected]</selectedcolor>
				  <align>left</align>
				  <aligny>center</aligny>
				  <label>$VAR[ExtendedInfoYear]$VAR[ExtendedInfoRuntime, • ]$VAR[ExtendedInfoTimeEnd, • ]</label>
				</control>
				<control type="label">
				  <left>850</left>
				  <top>420</top>
				  <width>700</width>
				  <height>60</height>
				  <font>primal_16</font>
				  <textcolor>$VAR[ColorFontNormal]</textcolor>
				  <shadowcolor>$VAR[ColorFontShadow]</shadowcolor>
				  <selectedcolor>$VAR[ColorFontSelected]</selectedcolor>
				  <align>left</align>
				  <aligny>center</aligny>
				  <label>[UPPERCASE]$INFO[ListItem.VideoResolution] • $INFO[ListItem.AudioCodec] • $INFO[ListItem.AudioChannels ] • $INFO[ListItem.AudioLanguage] • $VAR[mpaatext][/UPPERCASE]</label>
				  <visible>!ListItem.IsCollection + !Container.Content(TVShows) + !Container.Content(Seasons)</visible>
				</control>
				<control type="label">
				  <left>850</left>
				  <top>460</top>
				  <width>700</width>
				  <height>60</height>
				  <font>primal_16</font>
				  <textcolor>$VAR[ColorFontNormal]</textcolor>
				  <shadowcolor>$VAR[ColorFontShadow]</shadowcolor>
				  <selectedcolor>$VAR[ColorFontSelected]</selectedcolor>
				  <align>left</align>
				  <aligny>center</aligny>
				  <label>$VAR[ExtendedInfoGenre]</label>
				</control> 
				<control type="label">
				  <left>850</left>
				  <top>500</top>
				  <width>700</width>
				  <height>60</height>
				  <font>primal_16</font>
				  <textcolor>$VAR[ColorFontNormal]</textcolor>
				  <shadowcolor>$VAR[ColorFontShadow]</shadowcolor>
				  <selectedcolor>$VAR[ColorFontSelected]</selectedcolor>
				  <align>left</align>
				  <aligny>center</aligny>
				  <label>$VAR[ExtendedInfoDirector]</label>
				</control>
				<control type="label">
				  <left>850</left>
				  <top>540</top>
				  <width>700</width>
				  <height>60</height>
				  <font>primal_16</font>
				  <textcolor>$VAR[ColorFontNormal]</textcolor>
				  <shadowcolor>$VAR[ColorFontShadow]</shadowcolor>
				  <selectedcolor>$VAR[ColorFontSelected]</selectedcolor>
				  <align>left</align>
				  <aligny>center</aligny>
				  <label>$VAR[ExtendedInfoWriter]</label>
				</control>
				<control type="label">
				  <left>850</left>
				  <top>580</top>
				  <width>700</width>
				  <height>60</height>
				  <font>primal_16</font>
				  <textcolor>$VAR[ColorFontNormal]</textcolor>
				  <shadowcolor>$VAR[ColorFontShadow]</shadowcolor>
				  <selectedcolor>$VAR[ColorFontSelected]</selectedcolor>
				  <align>left</align>
				  <aligny>center</aligny>
				  <label>$VAR[ExtendedInfoStudio]</label>
				</control>
				<control type="textbox">
				  <description>Movie Plot</description>
				  <left>850</left>
				  <top>650</top>
				  <width>700</width>
				  <height>123</height>
				  <include condition="!Skin.HasSetting(PlotFontBig)">PlotFontLowVar</include>
			      <include condition="Skin.HasSetting(PlotFontBig)">PlotFontBigVar</include>
				  <align>left</align>
				  <shadowcolor>$VAR[ColorFontShadow]</shadowcolor>
				  <label>[COLOR $VAR[ColorFontNormal]]$VAR[ExtendedInfoPlot][/COLOR]</label>
				  <autoscroll time="2000" delay="15000" repeat="5000">!Skin.HasSetting(NoPlotScroll)</autoscroll>
				</control> 
			</control>
			<control type="group">
				<animation effect="fade" start="0" end="100" time="2000" tween="sine" easing="out">WindowOpen</animation>
				<animation effect="fade" start="100" end="0" time="2000" tween="sine" easing="out">WindowClose</animation>
				<animation reversible="true" effect="zoom" start="100" end="80" center="660,510" time="300" tween="quadratic" easing="in" condition="Control.IsVisible(8013) | Control.IsVisible(8014)">Conditional</animation>
				<control type="image">
					<left>442</left>
					<top>274</top>
					<width>352</width>
					<height>529</height>
					<aspectratio align="left" aligny="top">stretch</aspectratio>
					<texture background="true" fallback="default/noposter.png">$INFO[ListItem(0).Icon]</texture>
					<bordertexture border="10">ThumbShadow.png</bordertexture>
					<bordersize>6</bordersize>
					<animation effect="fade" start="100" end="90" time="200" delay="150" condition="Control.IsVisible(8013)">Conditional</animation>
				</control>
			</control>
		</control>
		<control type="panel" id="605">
			<left>-502</left>
			<top>292</top>
			<width>2604</width>
			<height>543</height>
			<onleft>605</onleft>
			<onright>605</onright>
			<ondown condition="!SubString(ListItem.Path,videodb://movies/sets/,left)">162591</ondown>
			<ondown condition="SubString(ListItem.Path,videodb://movies/sets/,left)">162592</ondown>
			<onup>290000</onup>
			<viewtype label="Wall">Multiple Walls</viewtype>
			<pagecontrol>60</pagecontrol>
			<itemgap>0</itemgap>
			<orientation>horizontal</orientation>
			<scrolltime>250</scrolltime>
			<preloaditems>2</preloaditems>
			<focusposition>3</focusposition>
			<hitrect x="428" y="264" w="372" h="543" />
			<visible>Container.Content(Movies) | Container.Content(Sets) | Container.Content(TVShows) | Container.Content(Seasons)</visible>
			<itemlayout width="372" height="543" />
			<focusedlayout width="372" height="543">
				<control type="image">
					<left>0</left>
					<top>0</top>
					<width>372</width>
					<height>543</height>
					<texture>-</texture>
				</control>
			</focusedlayout>
		</control>
		<include>ViewInfoWindow</include>
	  </control>
    </include>
	
	<!-- ===================================================================================== -->
	<!-- ============================ BANNERVIEW VIEW ID 608 ================================= -->
	<!-- ===================================================================================== -->
	<include name="View_608_Banner">
		<control type="group">
		<animation effect="zoom" end="83" center="2100,100" time="300" tween="cubic" easing="inout" condition="ControlGroup(9020).HasFocus | ControlGroup(9021).HasFocus | ControlGroup(9030).HasFocus">Conditional</animation>
		<visible>Control.IsVisible(608)</visible>
		<control type="image">
		  <left>170</left>
		  <top>150</top>
		  <width>1700</width>
		  <height>840</height>
		  <texture background="true">skin/button_klein_tranz90.png</texture>
		  <bordertexture border="10">ThumbShadow.png</bordertexture>
		  <bordersize>7</bordersize>
		  <aspectratio>stretch</aspectratio>
		  <colordiffuse>$VAR[ColorButtonDialogeBack]</colordiffuse>
		</control>	
		<control type="image">
		  <left>180</left>
		  <top>160</top>
		  <width>1680</width>
		  <height>820</height>
		  <texture background="true" fallback="special://skin/backgrounds/DEFAULT.jpg">$INFO[Container(608).ListItem.Art(fanart)]</texture>
		  <aspectratio>stretch</aspectratio>
		</control>		
		<control type="image">
		  <left>180</left>
		  <top>550</top>
		  <width>1680</width>
		  <height>430</height>
		  <texture background="true">skin/button_klein_tranz90.png</texture>
		  <aspectratio>stretch</aspectratio>
		  <colordiffuse>$VAR[ColorButtonDialogeBack]</colordiffuse>
		</control>	
		<control type="list" id="608">
		  <include>Animation.ZoomIn</include>
		  <left>180</left>
		  <top>560</top>
		  <width>1920</width>
		  <height>410</height>
		  <onright>290000</onright>
		  <onleft>9020</onleft>
		  <onup>608</onup>
		  <ondown>608</ondown>
		  <viewtype label="Banner">list</viewtype>
		  <scrolltime tween="Quadratic" easing="out">500</scrolltime>
		  <focusposition>0</focusposition>
		  <orientation>vertical</orientation>
		  <movement>1</movement>
		  <itemlayout height="100" width="500">
		  <control type="group">
		  <control type="image">
			<left>7</left>
			<top>7</top>
			<width>510</width>
			<height>104</height>
			<texture background="true">skin/button_klein.png</texture>
			<bordertexture border="10">ThumbShadow.png</bordertexture>
			<bordersize>6</bordersize>
			<aspectratio>stretch</aspectratio>
			<colordiffuse>$VAR[ColorButtonDialogeBack]</colordiffuse>
		  </control>
		  <control type="image">
			<left>12</left>
			<top>12</top>
			<width>500</width>
			<height>102</height>
			<texture background="true">$INFO[ListItem.Art(banner)]</texture>
			<bordertexture border="10">ThumbShadow.png</bordertexture>
			<bordersize>6</bordersize>
			<aspectratio align="left" aligny="top">keep</aspectratio>
			<visible>Stringcompare(ListItem.label,..)</visible>
		  </control>
		  <control type="image">
			<left>12</left>
			<top>12</top>
			<width>500</width>
			<height>102</height>
			<texture background="true" fallback="default/banner_fallback.jpg">$INFO[ListItem.Art(banner)]</texture>
			<bordertexture border="10">ThumbShadow.png</bordertexture>
			<bordersize>6</bordersize>
			<aspectratio align="left" aligny="top">keep</aspectratio>
			<visible>!Stringcompare(ListItem.label,..)</visible>
		  </control>
		  <control type="image">
			<left>215</left>
			<top>25</top>
			<width>70</width>
			<height>70</height>
			<texture background="true">home/homeicons/back.png</texture>
			<aspectratio align="left" aligny="top">keep</aspectratio>
			<visible>Stringcompare(ListItem.label,..)</visible>
		  </control>	
		 </control>
		</itemlayout>
		<focusedlayout height="100" width="500">
		  <control type="image">
			<left>7</left>
			<top>7</top>
			<width>510</width>
			<height>104</height>
			<texture background="true">skin/button_klein.png</texture>
			<bordertexture border="10">ThumbShadow.png</bordertexture>
			<bordersize>6</bordersize>
			<aspectratio>stretch</aspectratio>
			<colordiffuse>$VAR[BackColorButton]</colordiffuse>
		  </control>
		  <control type="image">
			<left>12</left>
			<top>12</top>
			<width>500</width>
			<height>102</height>
			<texture background="true">$INFO[ListItem.Art(banner)]</texture>
			<bordertexture border="10">ThumbShadow.png</bordertexture>
			<bordersize>6</bordersize>
			<aspectratio align="left" aligny="top">keep</aspectratio>
			<visible>Stringcompare(ListItem.label,..)</visible>
		  </control>
		  <control type="image">
			<left>12</left>
			<top>12</top>
			<width>500</width>
			<height>102</height>
			<texture background="true" fallback="default/banner_fallback.jpg">$INFO[ListItem.Art(banner)]</texture>
			<bordertexture border="10">ThumbShadow.png</bordertexture>
			<bordersize>6</bordersize>
			<aspectratio align="left" aligny="top">keep</aspectratio>
			<visible>!Stringcompare(ListItem.label,..)</visible>
		  </control>
		  <control type="image">
			<left>215</left>
			<top>25</top>
			<width>70</width>
			<height>70</height>
			<texture background="true">home/homeicons/back.png</texture>
			<aspectratio align="left" aligny="top">keep</aspectratio>
			<visible>Stringcompare(ListItem.label,..)</visible>
		  </control>
		 </focusedlayout>
		</control>
	    </control>
	    <control type="group">
		<animation effect="zoom" end="83" center="2100,100" time="300" tween="cubic" easing="inout" condition="ControlGroup(9020).HasFocus | ControlGroup(9021).HasFocus | ControlGroup(9030).HasFocus">Conditional</animation>
		<left>350</left>
		<top>170</top>
		<visible>Control.IsVisible(608)</visible>
		<control type="group">
		  <left>0</left>
		  <top>0</top>
		  <control type="label">
			<left>400</left>
			<top>420</top>
			<width>730</width>
			<height>30</height>
			<font>primal_20_Title</font>
			<textcolor>$VAR[ColorFontNormal]</textcolor>
			<shadowcolor>$VAR[ColorFontShadow]</shadowcolor>
			<scroll>true</scroll>
			<align>left</align>
			<aligny>center</aligny>
			<label>$INFO[ListItem.Title]</label>
			<scrollout>false</scrollout>
			<pauseatend>2000</pauseatend>
		  </control>
		  <control type="fadelabel">
			<left>400</left>
			<top>460</top>
			<width>730</width>
			<height>30</height>
			<font>primal_14</font>
			<textcolor>$VAR[ColorFontNormal]</textcolor>
			<shadowcolor>$VAR[ColorFontShadow]</shadowcolor>
			<scroll>true</scroll>
			<align>left</align>
			<aligny>center</aligny>
			<label>$VAR[ExtendedInfoRuntime] / $VAR[ExtendedInfoRatingAndVotes]</label>
			<scrollout>false</scrollout>
			<pauseatend>2000</pauseatend> 
			<visible>!SubString(ListItem.Duration,mins)</visible>
		  </control> 
		  <control type="label">
			<left>400</left>
			<top>490</top>
			<width>730</width>
			<height>30</height>
			<font>primal_14</font>
			<textcolor>$VAR[ColorFontNormal]</textcolor>
			<shadowcolor>$VAR[ColorFontShadow]</shadowcolor>
			<scroll>true</scroll>
			<align>left</align>
			<aligny>center</aligny>
			<label>$VAR[ExtendedInfoGenre]</label>
		  </control>
		  <control type="textbox">
			<description>Movie Plot</description>
			<left>400</left>
			<top>540</top>
			<width>730</width>
			<height>198</height>
			<include condition="!Skin.HasSetting(PlotFontBig)">PlotFontLowVar</include>
			<include condition="Skin.HasSetting(PlotFontBig)">PlotFontBigVar</include>
			<align>left</align>
			<textcolor>white</textcolor>
			<shadowcolor>$VAR[ColorFontShadow]</shadowcolor>
			<label>[COLOR $VAR[ColorFontNormal]]$VAR[ExtendedInfoPlot][/COLOR]</label>
			<autoscroll time="2000" delay="15000" repeat="5000">!Skin.HasSetting(NoPlotScroll)</autoscroll>
		  </control> 
		  <control type="image">
			<left>1200</left>
			<top>397</top>
			<width>297</width>
			<height>409</height>
			<aspectratio>keep</aspectratio>
			<texture background="true">$VAR[PosterThumb]</texture>
			<bordertexture border="10">ThumbShadow.png</bordertexture>
			<bordersize>6</bordersize>
		  </control>
		  <control type="grouplist">
			<description>Media Codec Flagging Images</description>
			<left>390</left>
			<top>740</top>
			<width>700</width>
			<height>100</height>
			<align>left</align>
			<itemgap>10</itemgap>
			<orientation>horizontal</orientation>
			<include>VideoCodecFlaggingConditions</include>
			<include>AudioCodecFlaggingConditions</include>
			<include>VideoMPAAFlaggingConditions</include>
		</control>	
	   </control>
	  </control>
	</include>
	
	<!-- ===================================================================================== -->
	<!-- ========================== BANNERFULLVIEW VIEW ID 610 =============================== -->
	<!-- ===================================================================================== -->
	<include name="View_610_BannerFull">
		<control type="group">
		<animation effect="zoom" end="83" center="2100,100" time="300" tween="cubic" easing="inout" condition="ControlGroup(9020).HasFocus | ControlGroup(9021).HasFocus | ControlGroup(9030).HasFocus">Conditional</animation>
		<visible>Control.IsVisible(610)</visible>	
		<control type="list" id="610">
		  <include>Animation.ZoomIn</include>
		  <left>170</left>
		  <top>151</top>
		  <width>1920</width>
		  <height>836</height>
		  <onright>1610</onright>
		  <onleft>9020</onleft>
		  <onup>610</onup>
		  <ondown>610</ondown>
		  <viewtype label="Banner Full">list</viewtype>
		  <scrolltime tween="Quadratic" easing="out">500</scrolltime>
		  <focusposition>0</focusposition>
		  <orientation>vertical</orientation>
		  <movement>1</movement>
		  <pagecontrol>1610</pagecontrol>
		  <itemlayout height="140" width="700">
		  <control type="image">
			<left>0</left>
			<top>0</top>
			<width>710</width>
			<height>138</height>
			<texture background="true">skin/button_klein.png</texture>
			<bordertexture border="10">ThumbShadow.png</bordertexture>
			<bordersize>6</bordersize>
			<aspectratio>stretch</aspectratio>
			<colordiffuse>$VAR[ColorButtonDialogeBack]</colordiffuse>
		  </control>
		  <control type="image">
			<left>5</left>
			<top>5</top>
			<width>700</width>
			<height>128</height>
			<texture background="true">$INFO[ListItem.Art(banner)]</texture>
			<bordertexture border="10">ThumbShadow.png</bordertexture>
			<bordersize>6</bordersize>
			<aspectratio align="left" aligny="top">stretch</aspectratio>
			<visible>Stringcompare(ListItem.label,..)</visible>
		  </control>
		  <control type="image">
			<left>5</left>
			<top>5</top>
			<width>700</width>
			<height>128</height>
			<texture background="true" fallback="default/banner_fallback.jpg">$INFO[ListItem.Art(banner)]</texture>
			<bordertexture border="10">ThumbShadow.png</bordertexture>
			<bordersize>6</bordersize>
			<aspectratio align="left" aligny="top">stretch</aspectratio>
			<visible>!Stringcompare(ListItem.label,..)</visible>
		  </control>
		  <control type="image">
			<left>300</left>
			<top>30</top>
			<width>70</width>
			<height>70</height>
			<texture background="true">home/homeicons/back.png</texture>
			<aspectratio align="left" aligny="top">keep</aspectratio>
			<visible>Stringcompare(ListItem.label,..)</visible>
		  </control>	
		</itemlayout>
		<focusedlayout height="140" width="700">
		  <control type="image">
			<left>0</left>
			<top>0</top>
			<width>710</width>
			<height>138</height>
			<texture background="true">skin/button_klein.png</texture>
			<bordertexture border="10">ThumbShadow.png</bordertexture>
			<bordersize>6</bordersize>
			<aspectratio>stretch</aspectratio>
			<colordiffuse>$VAR[BackColorButton]</colordiffuse>
		  </control>
		  <control type="image">
			<left>5</left>
			<top>5</top>
			<width>700</width>
			<height>128</height>
			<texture background="true">$INFO[ListItem.Art(banner)]</texture>
			<bordertexture border="10">ThumbShadow.png</bordertexture>
			<bordersize>6</bordersize>
			<aspectratio align="left" aligny="top">stretch</aspectratio>
			<visible>Stringcompare(ListItem.label,..)</visible>
		  </control>
		  <control type="image">
			<left>5</left>
			<top>5</top>
			<width>700</width>
			<height>128</height>
			<texture background="true" fallback="default/banner_fallback.jpg">$INFO[ListItem.Art(banner)]</texture>
			<bordertexture border="10">ThumbShadow.png</bordertexture>
			<bordersize>6</bordersize>
			<aspectratio align="left" aligny="top">stretch</aspectratio>
			<visible>!Stringcompare(ListItem.label,..)</visible>
		  </control>
		  <control type="image">
			<left>300</left>
			<top>30</top>
			<width>70</width>
			<height>70</height>
			<texture background="true">home/homeicons/back.png</texture>
			<aspectratio align="left" aligny="top">keep</aspectratio>
			<visible>Stringcompare(ListItem.label,..)</visible>
		  </control>
		 </focusedlayout>
		</control>
		<control type="scrollbar" id="1610">
		   <include>Animation.ZoomIn</include>
		   <left>1870</left>
		   <top>165</top>
		   <width>5</width>
		   <height>810</height>
		   <texturesliderbackground>progress/bg.png</texturesliderbackground>
		   <texturesliderbar colordiffuse="$VAR[BackColorFront]">progress/blank.png</texturesliderbar>
		   <texturesliderbarfocus colordiffuse="$VAR[BackColorButton]">progress/blank.png</texturesliderbarfocus>
		   <textureslidernib>button/ScrollBarNib.png</textureslidernib>
		   <textureslidernibfocus>button/ScrollBarNib.png</textureslidernibfocus>
		   <onleft>610</onleft>
		   <onright>290000</onright>
		   <showonepage>false</showonepage>
		   <orientation>vertical</orientation>
		   <visible>Control.IsVisible(610) + !Skin.HasSetting(viewnoscrollbar)</visible>
		</control>
	    </control>
	    <control type="group">
		<animation effect="zoom" end="83" center="2100,100" time="300" tween="cubic" easing="inout" condition="ControlGroup(9020).HasFocus | ControlGroup(9021).HasFocus | ControlGroup(9030).HasFocus">Conditional</animation>
		<left>250</left>
		<top>151</top>
		<visible>Control.IsVisible(610)</visible>
		<include>Animation.ZoomIn</include>
		<control type="group">
		  <left>0</left>
		  <top>0</top>
		  <control type="image">
			<left>630</left>
			<top>0</top>
			<width>990</width>
			<height>838</height>
			<texture background="true">skin/button_klein.png</texture>
			<bordertexture border="10">ThumbShadow.png</bordertexture>
			<bordersize>6</bordersize>
			<aspectratio>stretch</aspectratio>
			<colordiffuse>$VAR[ColorButtonDialogeBack]</colordiffuse>
		  </control>
		  <control type="image">
			<left>640</left>
			<top>10</top>
			<width>969</width>
			<height>818</height>
			<aspectratio align="center" aligny="top">scale</aspectratio>
			<texture background="true">$INFO[Container(610).ListItem.Art(fanart)]</texture>
			<colordiffuse>667c7c80</colordiffuse>
		  </control>
		  <control type="label">
			<left>660</left>
			<top>40</top>
			<width>925</width>
			<height>30</height>
			<font>primal_30_Bold</font>
			<textcolor>$VAR[ColorFontNormal]</textcolor>
			<shadowcolor>$VAR[ColorFontShadow]</shadowcolor>
			<scroll>true</scroll>
			<align>left</align>
			<aligny>center</aligny>
			<label>$INFO[ListItem.Title]</label>
			<scrollout>false</scrollout>
			<pauseatend>2000</pauseatend>
		  </control>
		  <control type="fadelabel">
			<left>660</left>
			<top>80</top>
			<width>925</width>
			<height>30</height>
			<font>primal_15</font>
			<textcolor>$VAR[ColorFontNormal]</textcolor>
			<shadowcolor>$VAR[ColorFontShadow]</shadowcolor>
			<scroll>true</scroll>
			<align>left</align>
			<aligny>center</aligny>
			<label>$VAR[ExtendedInfoRatingAndVotes]</label>
			<scrollout>false</scrollout>
			<pauseatend>2000</pauseatend> 
			<visible>!SubString(ListItem.Duration,mins)</visible>
		  </control> 
		  <control type="label">
			<left>660</left>
			<top>110</top>
			<width>925</width>
			<height>36</height>
			<font>primal_15</font>
			<textcolor>$VAR[ColorFontNormal]</textcolor>
			<shadowcolor>$VAR[ColorFontShadow]</shadowcolor>
			<selectedcolor>$VAR[ColorFontSelected]</selectedcolor>
			<align>justify</align>
			<aligny>center</aligny>
			<label>$VAR[ExtendedInfoYear]$VAR[ExtendedInfoRuntime, • ] • $VAR[ExtendedInfoTimeEnd]</label>
			<visible>!Stringcompare(ListItem.label,..)</visible>
		  </control>
		  <control type="label">
			<left>660</left>
			<top>145</top>
			<width>925</width>
			<height>36</height>
			<font>primal_15</font>
			<textcolor>$VAR[ColorFontNormal]</textcolor>
			<shadowcolor>$VAR[ColorFontShadow]</shadowcolor>
			<selectedcolor>$VAR[ColorFontSelected]</selectedcolor>
			<align>justify</align>
			<aligny>center</aligny>
			<label>$VAR[ExtendedInfoGenre]</label>
			<visible>!Stringcompare(ListItem.label,..)</visible>
		  </control>
		  <control type="label">
			<left>660</left>
			<top>180</top>
			<width>925</width>
			<height>36</height>
			<font>primal_15</font>
			<textcolor>$VAR[ColorFontNormal]</textcolor>
			<shadowcolor>$VAR[ColorFontShadow]</shadowcolor>
			<selectedcolor>$VAR[ColorFontSelected]</selectedcolor>
			<align>justify</align>
			<aligny>center</aligny>
			<label>$VAR[ExtendedInfoStudio]</label>
			<visible>!Stringcompare(ListItem.label,..)</visible>
		  </control>
		  <control type="image">
			<left>1009</left>
			<top>528</top>
			<width>600</width>
			<height>300</height>
			<texture background="true">$VAR[VarClearart]</texture>
			<aspectratio align="right" aligny="bottom">keep</aspectratio>
		  </control>
		  <control type="textbox">
			<description>Movie Plot</description>
			<left>660</left>
			<top>270</top>
			<width>925</width>
			<height>246</height>
			<include condition="!Skin.HasSetting(PlotFontBig)">PlotFontLowVar</include>
			<include condition="Skin.HasSetting(PlotFontBig)">PlotFontBigVar</include>
			<align>justify</align>
			<textcolor>white</textcolor>
			<shadowcolor>$VAR[ColorFontShadow]</shadowcolor>
			<label>[COLOR $VAR[ColorFontNormal]]$VAR[ExtendedInfoPlot][/COLOR]</label>
			<autoscroll time="2000" delay="15000" repeat="5000">!Skin.HasSetting(NoPlotScroll)</autoscroll>
		  </control> 
		  <control type="grouplist">
			<left>660</left>
			<top>226</top>
			<itemgap>10</itemgap>
			<orientation>horizontal</orientation>
			<include>AudioLanguageFlaggingConditions</include>
		  </control>
		  <control type="grouplist">
			<left>1070</left>
			<top>205</top>
			<itemgap>10</itemgap>
			<orientation>horizontal</orientation>
			<include>VideoCodecFlaggingConditions</include>
			<include>AudioCodecFlaggingConditions</include>
			<include>VideoMPAAFlaggingConditions</include>
		  </control>		
	   </control>
	  </control>
	</include>
	
	<!-- ===================================================================================== -->
	<!-- ========================== WALL INFOS VIEW ID 611 =================================== -->
	<!-- ===================================================================================== -->
	<include name="View_611_Wall_Infos">
		<control type="group">
		<animation effect="zoom" end="83" center="2100,100" time="300" tween="cubic" easing="inout" condition="ControlGroup(9020).HasFocus | ControlGroup(9021).HasFocus | ControlGroup(9030).HasFocus">Conditional</animation>
		<visible>Control.IsVisible(611)</visible>	
		<control type="panel" id="611">
		  <include>Animation.ZoomIn</include>
		  <left>170</left>
		  <top>150</top>
		  <include condition="!Skin.HasSetting(noinfo611)">ViewLowWidth611</include>
          <include condition="Skin.HasSetting(noinfo611)">ViewBigWidth611</include>
		  <height>840</height>
		  <onright>1610</onright>
		  <onleft>9020</onleft>
		  <onup>611</onup>
		  <ondown>611</ondown>
		  <viewtype label="Infowall">list</viewtype>
		  <scrolltime tween="Quadratic" easing="out">500</scrolltime>
		  <focusposition>0</focusposition>
		  <orientation>vertical</orientation>
		  <movement>1</movement>
		  <pagecontrol>1610</pagecontrol>
		  <itemlayout height="280" width="189">
		  <control type="image">
			<left>0</left>
			<top>0</top>
			<width>189</width>
			<height>280</height>
			<texture background="true">skin/button_klein.png</texture>
			<bordertexture border="10">ThumbShadow.png</bordertexture>
			<bordersize>6</bordersize>
			<aspectratio>stretch</aspectratio>
			<colordiffuse>$VAR[ColorButtonDialogeBack]</colordiffuse>
		  </control>
		  <control type="image">
			<left>5</left>
			<top>5</top>
			<width>178</width>
			<height>270</height>
			<texture background="true">$INFO[ListItem.Art(poster)]</texture>
			<bordertexture border="10">ThumbShadow.png</bordertexture>
			<bordersize>6</bordersize>
			<aspectratio align="left" aligny="top">stretch</aspectratio>
			<visible>Stringcompare(ListItem.label,..)</visible>
		  </control>
		  <control type="image">
			<left>5</left>
			<top>5</top>
			<width>178</width>
			<height>270</height>
			<texture background="true">$INFO[ListItem.Art(poster)]</texture>
			<bordertexture border="10">ThumbShadow.png</bordertexture>
			<bordersize>6</bordersize>
			<aspectratio align="left" aligny="top">stretch</aspectratio>
			<visible>!Stringcompare(ListItem.label,..)</visible>
		  </control>
		  <control type="image">
			<left>70</left>
			<top>80</top>
			<width>70</width>
			<height>70</height>
			<texture background="true">home/homeicons/back.png</texture>
			<aspectratio align="left" aligny="top">keep</aspectratio>
			<visible>Stringcompare(ListItem.label,..)</visible>
		  </control>	
		</itemlayout>
		<focusedlayout height="280" width="189">
		  <control type="image">
			<left>0</left>
			<top>0</top>
			<width>189</width>
			<height>280</height>
			<texture background="true">skin/button_klein.png</texture>
			<bordertexture border="10">ThumbShadow.png</bordertexture>
			<bordersize>6</bordersize>
			<aspectratio>stretch</aspectratio>
			<colordiffuse>$VAR[BackColorButton]</colordiffuse>
		  </control>
		  <control type="image">
			<left>5</left>
			<top>5</top>
			<width>178</width>
			<height>270</height>
			<texture background="true">$INFO[ListItem.Art(poster)]</texture>
			<bordertexture border="10">ThumbShadow.png</bordertexture>
			<bordersize>6</bordersize>
			<aspectratio align="left" aligny="top">stretch</aspectratio>
			<visible>Stringcompare(ListItem.label,..)</visible>
		  </control>
		  <control type="image">
			<left>5</left>
			<top>5</top>
			<width>178</width>
			<height>270</height>
			<texture background="true">$INFO[ListItem.Art(poster)]</texture>
			<bordertexture border="10">ThumbShadow.png</bordertexture>
			<bordersize>6</bordersize>
			<aspectratio align="left" aligny="top">stretch</aspectratio>
			<visible>!Stringcompare(ListItem.label,..)</visible>
		  </control>
		  <control type="image">
			<left>70</left>
			<top>80</top>
			<width>70</width>
			<height>70</height>
			<texture background="true">home/homeicons/back.png</texture>
			<aspectratio align="left" aligny="top">keep</aspectratio>
			<visible>Stringcompare(ListItem.label,..)</visible>
		  </control>
		 </focusedlayout>
		</control>
		<control type="scrollbar" id="1610">
		   <include>Animation.ZoomIn</include>
		   <left>1875</left>
		   <top>165</top>
		   <width>5</width>
		   <height>810</height>
		   <texturesliderbackground>progress/bg.png</texturesliderbackground>
		   <texturesliderbar colordiffuse="$VAR[BackColorFront]">progress/blank.png</texturesliderbar>
		   <texturesliderbarfocus colordiffuse="$VAR[BackColorButton]">progress/blank.png</texturesliderbarfocus>
		   <textureslidernib>button/ScrollBarNib.png</textureslidernib>
		   <textureslidernibfocus>button/ScrollBarNib.png</textureslidernibfocus>
		   <onleft>611</onleft>
		   <onright>290000</onright>
		   <showonepage>false</showonepage>
		   <orientation>vertical</orientation>
		   <visible>Control.IsVisible(611) + !Skin.HasSetting(viewnoscrollbar)</visible>
		</control>
	    </control>
	    <control type="group">
		<animation effect="zoom" end="83" center="2100,100" time="300" tween="cubic" easing="inout" condition="ControlGroup(9020).HasFocus | ControlGroup(9021).HasFocus | ControlGroup(9030).HasFocus">Conditional</animation>
		<left>740</left>
		<top>150</top>
		<visible>Control.IsVisible(611)</visible>
		<visible>!Skin.HasSetting(noinfo611)</visible>
		<include>Animation.ZoomIn</include>
		<control type="group">
		  <left>0</left>
		  <top>0</top>
		  <control type="image">
			<left>570</left>
			<top>0</top>
			<width>560</width>
			<height>840</height>
			<texture background="true">skin/button_klein.png</texture>
			<bordertexture border="10">ThumbShadow.png</bordertexture>
			<bordersize>6</bordersize>
			<aspectratio>stretch</aspectratio>
			<colordiffuse>$VAR[ColorButtonDialogeBack]</colordiffuse>
		  </control>
		  <control type="image">
			<left>576</left>
			<top>60</top>
			<width>548</width>
			<height>515</height>
			<texture background="true">skin/button_klein.png</texture>
			<bordertexture border="10">ThumbShadow.png</bordertexture>
			<bordersize>6</bordersize>
			<aspectratio>stretch</aspectratio>
			<colordiffuse>$VAR[BackColorFront]</colordiffuse>
		  </control>
		  <control type="image">
			<left>576</left>
			<top>569</top>
			<width>548</width>
			<height>266</height>
			<aspectratio align="center" aligny="top">scale</aspectratio>
			<texture background="true">$INFO[Container(611).ListItem.Art(fanart)]</texture>
			<bordertexture border="10">ThumbShadow.png</bordertexture>
			<bordersize>6</bordersize>
		  </control>
		  <control type="image">
			<left>580</left>
			<top>780</top>
			<width>539</width>
			<height>49</height>
			<texture background="true">skin/button_klein_tranz70.png</texture>
			<aspectratio>stretch</aspectratio>
			<colordiffuse>$VAR[ColorButtonDialogeBack]</colordiffuse>
			<visible>!ListItem.IsCollection</visible>
		  </control>
		  <control type="label">
			<left>600</left>
			<top>20</top>
			<width>500</width>
			<height>30</height>
			<font>primal_20_Title</font>
			<textcolor>$VAR[ColorFontNormal]</textcolor>
			<shadowcolor>$VAR[ColorFontShadow]</shadowcolor>
			<scroll>true</scroll>
			<align>left</align>
			<aligny>center</aligny>
			<label>$INFO[ListItem.Title]</label>
			<scrollout>false</scrollout>
			<pauseatend>2000</pauseatend>
		  </control>
		  <control type="fadelabel">
			<left>600</left>
			<top>80</top>
			<width>500</width>
			<height>30</height>
			<font>primal_15</font>
			<textcolor>$VAR[ColorFontNormal]</textcolor>
			<shadowcolor>$VAR[ColorFontShadow]</shadowcolor>
			<scroll>true</scroll>
			<align>left</align>
			<aligny>center</aligny>
			<label>$VAR[ExtendedInfoRatingAndVotes]</label>
			<scrollout>false</scrollout>
			<pauseatend>2000</pauseatend> 
			<visible>!SubString(ListItem.Duration,mins)</visible>
		  </control> 
		  <control type="label">
			<left>600</left>
			<top>110</top>
			<width>500</width>
			<height>36</height>
			<font>primal_15</font>
			<textcolor>$VAR[ColorFontNormal]</textcolor>
			<shadowcolor>$VAR[ColorFontShadow]</shadowcolor>
			<selectedcolor>$VAR[ColorFontSelected]</selectedcolor>
			<align>justify</align>
			<aligny>center</aligny>
			<label>$VAR[ExtendedInfoYear]$VAR[ExtendedInfoRuntime, • ] • $VAR[ExtendedInfoTimeEnd]</label>
			<visible>!Stringcompare(ListItem.label,..)</visible>
		  </control>
		  <control type="label">
			<left>600</left>
			<top>145</top>
			<width>500</width>
			<height>36</height>
			<font>primal_15</font>
			<textcolor>$VAR[ColorFontNormal]</textcolor>
			<shadowcolor>$VAR[ColorFontShadow]</shadowcolor>
			<selectedcolor>$VAR[ColorFontSelected]</selectedcolor>
			<align>justify</align>
			<aligny>center</aligny>
			<label>$VAR[ExtendedInfoGenre]</label>
			<visible>!Stringcompare(ListItem.label,..)</visible>
		  </control>
		  <control type="label">
			<left>600</left>
			<top>180</top>
			<width>500</width>
			<height>36</height>
			<font>primal_15</font>
			<textcolor>$VAR[ColorFontNormal]</textcolor>
			<shadowcolor>$VAR[ColorFontShadow]</shadowcolor>
			<selectedcolor>$VAR[ColorFontSelected]</selectedcolor>
			<align>justify</align>
			<aligny>center</aligny>
			<label>$VAR[ExtendedInfoStudio]</label>
			<visible>!Stringcompare(ListItem.label,..)</visible>
		  </control>
		  <control type="textbox">
			<description>Movie Plot</description>
			<left>600</left>
			<top>250</top>
			<width>500</width>
			<height>302</height>
			<include condition="!Skin.HasSetting(PlotFontBig)">PlotFontLowVar</include>
			<include condition="Skin.HasSetting(PlotFontBig)">PlotFontBigVar</include>
			<align>justify</align>
			<textcolor>white</textcolor>
			<shadowcolor>$VAR[ColorFontShadow]</shadowcolor>
			<label>[COLOR $VAR[ColorFontNormal]]$VAR[ExtendedInfoPlot][/COLOR]</label>
			<autoscroll time="2000" delay="15000" repeat="5000">!Skin.HasSetting(NoPlotScroll)</autoscroll>
		  </control> 
		  <control type="grouplist">
			<left>590</left>
			<top>786</top>
			<itemgap>10</itemgap>
			<orientation>horizontal</orientation>
			<include>AudioLanguageFlaggingConditions</include>
		  </control>
		  <control type="grouplist">
			<left>1040</left>
			<top>770</top>
			<itemgap>10</itemgap>
			<orientation>horizontal</orientation>
			<include>VideoMPAAFlaggingConditions</include>
		  </control>		
	   </control>
	  </control>
	</include>
	
</includes>