<?xml version="1.0" encoding="UTF-8"?>
<includes>
	 <!-- ===================================================================================== -->
	 <!-- =================================== ADDONS VIEW ID 901 ============================== -->
	 <!-- ===================================================================================== -->
	 <include name="View_901_Apps">
	   <control type="group">
	   <animation effect="zoom" end="83" center="2100,100" time="300" tween="cubic" easing="inout" condition="ControlGroup(9020).HasFocus | ControlGroup(9021).HasFocus | ControlGroup(9030).HasFocus">Conditional</animation>
	   <visible>Control.IsVisible(901)</visible>
	   <include>CommonAllFront</include>
	   </control>
	   <control type="group">
	   <include>Animation.ZoomIn</include>
	   <visible>Control.IsVisible(901)</visible>
	   <animation effect="zoom" end="83" center="2100,100" time="300" tween="cubic" easing="inout" condition="ControlGroup(9020).HasFocus | ControlGroup(9021).HasFocus | ControlGroup(9030).HasFocus">Conditional</animation>
	   <control type="panel" id="901">
		  <left>180</left>
		  <top>164</top>
		  <width>1160</width>
		  <height>820</height>
		  <onleft>9020</onleft>
		  <onright>901</onright>
		  <onup>1860</onup>
		  <ondown>901</ondown>
		  <viewtype label="Apps">panel</viewtype>
		  <orientation>vertical</orientation>
		  <pagecontrol>60</pagecontrol>
		  <scrolltime>200</scrolltime>
		  <preloaditems>2</preloaditems>
		  <itemlayout height="410" width="290">
			<control type="image">
			  <left>5</left>
			  <top>0</top>
			  <width>285</width>
			  <height>403</height>
			  <texture background="true">skin/button_klein.png</texture>
			  <colordiffuse>$VAR[ColorButtonNoFocus]</colordiffuse>
			</control>
			<control type="image">
			  <left>5</left>
			  <top>0</top>
			  <width>285</width>
			  <height>285</height>
			  <aspectratio align="center" aligny="center">stretch</aspectratio>
			  <texture background="true">$INFO[ListItem.Icon]</texture>
			  <bordertexture border="10">ThumbShadow.png</bordertexture>
			  <bordersize>6</bordersize>
			</control>
			<control type="label">
			  <left>20</left>
			  <top>295</top>
			  <width>235</width>
			  <height>38</height>
			  <label>[UPPERCASE]$INFO[ListItem.Label][/UPPERCASE]</label>
			  <scroll>false</scroll>
			  <align>left</align>
			  <font>primal_16</font>
			  <textcolor>$VAR[ColorFontNormal]</textcolor>
			  <shadowcolor>$VAR[ColorFontShadow]</shadowcolor>
			</control>
			<control type="label">
			  <left>20</left>
			  <top>325</top>
			  <width>235</width>
			  <height>38</height>
			  <label>$INFO[ListItem.Property(Addon.Creator),Creator: ]</label>
			  <scroll>false</scroll>
			  <align>left</align>
			  <font>primal_13</font>
			  <textcolor>$VAR[ColorFontNormal]</textcolor>
			  <shadowcolor>$VAR[ColorFontShadow]</shadowcolor>
			</control>  	
			<control type="image">
			  <left>20</left>
			  <top>360</top>
			  <width>80</width>
			  <height>17</height>
			  <aspectratio align="center" aligny="center">stretch</aspectratio>
			  <texture background="true">$INFO[ListItem.Property(Addon.StarRating)]</texture>
			</control>
		  </itemlayout>
		  <focusedlayout height="410" width="290">
			<control type="image">
			  <left>5</left>
			  <top>0</top>
			  <width>285</width>
			  <height>403</height>
			  <texture background="true">skin/button_klein.png</texture>
			  <colordiffuse>$VAR[BackColorButton]</colordiffuse>
			</control>
			<control type="image">
			  <left>5</left>
			  <top>0</top>
			  <width>285</width>
			  <height>285</height>
			  <aspectratio align="center" aligny="center">stretch</aspectratio>
			  <texture background="true">$INFO[ListItem.Icon]</texture>
			  <bordertexture border="10">ThumbShadow.png</bordertexture>
			  <bordersize>6</bordersize>
			</control>
			<control type="label">
			  <left>20</left>
			  <top>295</top>
			  <width>235</width>
			  <height>38</height>
			  <label>[UPPERCASE]$INFO[ListItem.Label][/UPPERCASE]</label>
			  <scroll>false</scroll>
			  <align>left</align>
			  <font>primal_16</font>
			  <textcolor>$VAR[ColorFontNormal]</textcolor>
			  <shadowcolor>$VAR[ColorFontShadow]</shadowcolor>
			</control>
			<control type="label">
			  <left>20</left>
			  <top>325</top>
			  <width>235</width>
			  <height>38</height>
			  <label>$INFO[ListItem.Property(Addon.Creator),Creator: ]</label>
			  <scroll>false</scroll>
			  <align>left</align>
			  <font>primal_13</font>
			  <textcolor>$VAR[ColorFontNormal]</textcolor>
			  <shadowcolor>$VAR[ColorFontShadow]</shadowcolor>
			</control>  	
			<control type="image">
			  <left>20</left>
			  <top>360</top>
			  <width>80</width>
			  <height>17</height>
			  <aspectratio align="center" aligny="center">stretch</aspectratio>
			  <texture background="true">$INFO[ListItem.Property(Addon.StarRating)]</texture>
			</control>
		</focusedlayout>
	   </control>
	   <control type="group">
	      <visible>Control.IsVisible(901)</visible>
		  <control type="label">
			<left>1370</left>
			<top>220</top>
			<width>470</width>
			<height>38</height>
			<label>[UPPERCASE]$INFO[ListItem.Label][/UPPERCASE]</label>
			<scroll>false</scroll>
			<align>center</align>
			<font>primal_22</font>
			<textcolor>$VAR[ColorFontNormal]</textcolor>
			<shadowcolor>$VAR[ColorFontShadow]</shadowcolor>
		  </control>
		  <control type="label">
			<left>1370</left>
			<top>265</top>
			<width>470</width>
			<height>38</height>
			<label>$INFO[ListItem.Property(Addon.Creator),Creator: ]</label>
			<scroll>false</scroll>
			<align>center</align>
			<font>primal_20</font>
			<textcolor>$VAR[ColorFontNormal]</textcolor>
			<shadowcolor>$VAR[ColorFontShadow]</shadowcolor>
		  </control>
		  <control type="textbox">
			<description>Plot Textbox</description>
			<left>1390</left>
			<top>350</top>
			<include condition="!Skin.HasSetting(PlotFontBig)">PlotFontLowVar</include>
			<include condition="Skin.HasSetting(PlotFontBig)">PlotFontBigVar</include>
			<width>440</width>
			<height>560</height>
			<shadowcolor>$VAR[ColorFontShadow]</shadowcolor>
			<label>[COLOR $VAR[ColorFontNormal]]$VAR[ExtendedInfoPlot][/COLOR]</label>
			<align>justify</align>
			<autoscroll time="2000" delay="15000" repeat="5000">!Skin.HasSetting(NoPlotScroll)</autoscroll>
		  </control>
	   </control>
	  </control>
	</include>
	
	
	<include name="View_902_Mixed">
	   <control type="group">
	   <include>Animation.ZoomIn</include>
	   <visible>Control.IsVisible(902)</visible>
	   <animation effect="zoom" end="83" center="2100,100" time="300" tween="cubic" easing="inout" condition="ControlGroup(9020).HasFocus | ControlGroup(9021).HasFocus | ControlGroup(9030).HasFocus">Conditional</animation>
	   <control type="panel" id="902">
		  <left>170</left>
		  <top>150</top>
		  <width>1700</width>
		  <height>840</height>
		  <onleft>9020</onleft>
		  <onright>902</onright>
		  <onup>1860</onup>
		  <ondown>902</ondown>
		  <viewtype label="Mixed">panel</viewtype>
		  <orientation>horizontal</orientation>
		  <pagecontrol>60</pagecontrol>
		  <scrolltime>500</scrolltime>
		  <preloaditems>0</preloaditems>
		  <itemlayout condition="Container.Content(actors) | Container.Content(genres)" height="420" width="340">
			<control type="image">
			  <left>0</left>
			  <top>0</top>
			  <width>340</width>
			  <height>420</height>
			  <texture background="true">skin/button_klein.png</texture>
			  <bordertexture border="10">ThumbShadow.png</bordertexture>
			  <bordersize>6</bordersize>
			  <colordiffuse>$VAR[ColorButtonDialogeBack]</colordiffuse>
			</control>
			<control type="image">
			  <left>5</left>
			  <top>5</top>
			  <width>330</width>
			  <height>410</height>
			  <aspectratio align="center" aligny="center">scale</aspectratio>
			  <bordertexture border="10">ThumbShadow.png</bordertexture>
			  <bordersize>6</bordersize>
			  <texture background="true" fallback="default/noposter.jpg">$VAR[PosterThumb]</texture>
			  <visible>!Container.Content(genres)</visible>
			</control>
			<control type="image">
			  <left>5</left>
			  <top>5</top>
			  <width>330</width>
			  <height>410</height>
			  <aspectratio align="center" aligny="center">scale</aspectratio>
			  <bordertexture border="10">ThumbShadow.png</bordertexture>
			  <bordersize>6</bordersize>
			  <texture background="true" fallback="default/noposter.jpg">$VAR[VarMovieGenreIcon]</texture>
			  <visible>Container.Content(genres)</visible>
			</control>
			<control type="image">
			  <left>6</left>
			  <top>373</top>
			  <width>328</width>
			  <height>40</height>
			  <texture background="true">skin/button_klein_tranz70.png</texture>
			  <colordiffuse>$VAR[ColorButtonDialogeBack]</colordiffuse>
			</control>
			<control type="image">
			  <left>13</left>
			  <top>13</top>
			  <width>28</width>
			  <height>28</height>
			  <texture background="true">home/homeicons/actors.png</texture>
			  <colordiffuse>$VAR[ColorFontNormal]</colordiffuse>
			  <visible>Container.Content(actors)</visible>
			</control>
			<control type="label">
			  <left>20</left>
			  <top>380</top>
			  <width min="29" max="300">auto</width>
			  <height>38</height>
			  <label>$INFO[ListItem.Label]</label>
			  <scroll>false</scroll>
			  <align>left</align>
			  <aligy>center</aligy>
			  <font>primal_15_Title</font>
			  <textcolor>$VAR[ColorFontNormal]</textcolor>
			  <shadowcolor>$VAR[ColorFontShadow]</shadowcolor>
			</control>
		  </itemlayout>
		  <focusedlayout condition="Container.Content(actors) | Container.Content(genres)" height="420" width="340">
			<control type="image">
			  <left>0</left>
			  <top>0</top>
			  <width>340</width>
			  <height>420</height>
			  <texture background="true">skin/button_klein.png</texture>
			  <bordertexture border="10">ThumbShadow.png</bordertexture>
			  <bordersize>6</bordersize>
			  <colordiffuse>$VAR[BackColorButton]</colordiffuse>
			</control>
			<control type="image">
			  <left>5</left>
			  <top>5</top>
			  <width>330</width>
			  <height>410</height>
			  <aspectratio align="center" aligny="center">scale</aspectratio>
			  <bordertexture border="10">ThumbShadow.png</bordertexture>
			  <bordersize>6</bordersize>
			  <texture background="true" fallback="default/noposter.jpg">$VAR[PosterThumb]</texture>
			  <visible>!Container.Content(genres)</visible>
			</control>
			<control type="image">
			  <left>5</left>
			  <top>5</top>
			  <width>330</width>
			  <height>410</height>
			  <aspectratio align="center" aligny="center">scale</aspectratio>
			  <bordertexture border="10">ThumbShadow.png</bordertexture>
			  <bordersize>6</bordersize>
			  <texture background="true" fallback="default/noposter.jpg">$VAR[VarMovieGenreIcon]</texture>
			  <visible>Container.Content(genres)</visible>
			</control>
			<control type="image">
			  <left>6</left>
			  <top>373</top>
			  <width>328</width>
			  <height>40</height>
			  <texture background="true">skin/button_klein_tranz70.png</texture>
			  <colordiffuse>$VAR[BackColorButton]</colordiffuse>
			</control>
			<control type="image">
			  <left>13</left>
			  <top>13</top>
			  <width>28</width>
			  <height>28</height>
			  <texture background="true">home/homeicons/actors.png</texture>
			  <colordiffuse>$VAR[ColorFontNormal]</colordiffuse>
			  <visible>Container.Content(actors)</visible>
			</control>
			<control type="label">
			  <left>20</left>
			  <top>380</top>
			  <width min="29" max="300">auto</width>
			  <height>38</height>
			  <label>$INFO[ListItem.Label]</label>
			  <scroll>false</scroll>
			  <align>left</align>
			  <font>primal_15_Title</font>
			  <textcolor>$VAR[ColorFontNormal]</textcolor>
			  <shadowcolor>$VAR[ColorFontShadow]</shadowcolor>
			</control>
		</focusedlayout>
		<itemlayout condition="Container.Content(addons) | Container.Content(studios)" height="280" width="283">
			<control type="image">
			  <left>0</left>
			  <top>0</top>
			  <width>283</width>
			  <height>280</height>
			  <texture background="true">skin/button_klein.png</texture>
			  <bordertexture border="10">ThumbShadow.png</bordertexture>
			  <bordersize>6</bordersize>
			  <colordiffuse>$VAR[ColorButtonDialogeBack]</colordiffuse>
			</control>
			<control type="image">
			  <left>5</left>
			  <top>5</top>
			  <width>273</width>
			  <height>269</height>
			  <aspectratio align="center" aligny="center">stretch</aspectratio>
			  <bordertexture border="10">ThumbShadow.png</bordertexture>
			  <bordersize>6</bordersize>
			  <texture background="true">$VAR[PosterThumb]</texture>
			</control>
			<control type="image">
			  <left>6</left>
			  <top>232</top>
			  <width>270</width>
			  <height>40</height>
			  <texture background="true">skin/button_klein_tranz70.png</texture>
			  <colordiffuse>$VAR[ColorButtonDialogeBack]</colordiffuse>
			</control>
			<control type="label">
			  <left>20</left>
			  <top>240</top>
			  <width>250</width>
			  <height>38</height>
			  <label>$INFO[ListItem.Label]</label>
			  <scroll>false</scroll>
			  <align>left</align>
			  <font>primal_15_Title</font>
			  <textcolor>$VAR[ColorFontNormal]</textcolor>
			  <shadowcolor>$VAR[ColorFontShadow]</shadowcolor>
			</control>
		  </itemlayout>
		 <focusedlayout condition="Container.Content(addons) | Container.Content(studios)" height="280" width="283">
			<control type="image">
			  <left>0</left>
			  <top>0</top>
			  <width>283</width>
			  <height>280</height>
			  <texture background="true">skin/button_klein.png</texture>
			  <bordertexture border="10">ThumbShadow.png</bordertexture>
			  <bordersize>6</bordersize>
			  <colordiffuse>$VAR[BackColorButton]</colordiffuse>
			</control>
			<control type="image">
			  <left>5</left>
			  <top>5</top>
			  <width>273</width>
			  <height>269</height>
			  <aspectratio align="center" aligny="center">stretch</aspectratio>
			  <bordertexture border="10">ThumbShadow.png</bordertexture>
			  <bordersize>6</bordersize>
			  <texture background="true">$VAR[PosterThumb]</texture>
			</control>
			<control type="image">
			  <left>6</left>
			  <top>232</top>
			  <width>270</width>
			  <height>40</height>
			  <texture background="true">skin/button_klein_tranz70.png</texture>
			  <colordiffuse>$VAR[BackColorButton]</colordiffuse>
			</control>
			<control type="label">
			  <left>20</left>
			  <top>240</top>
			  <width>250</width>
			  <height>38</height>
			  <label>$INFO[ListItem.Label]</label>
			  <scroll>false</scroll>
			  <align>left</align>
			  <font>primal_15_Title</font>
			  <textcolor>$VAR[ColorFontNormal]</textcolor>
			  <shadowcolor>$VAR[ColorFontShadow]</shadowcolor>
			</control>
		</focusedlayout>
	   </control>
	  </control>
	</include>

</includes>